Id,BIRTHDATE,DEATHDATE,SSN,DRIVERS,PASSPORT,PREFIX,FIRST,MIDDLE,LAST,SUFFIX,MAIDEN,MARITAL,RACE,ETHNICITY,GENDER,BIRTHPLACE,ADDRESS,CITY,STATE,COUNTY,FIPS,ZIP,LAT,LON,HEALTHCARE_EXPENSES,HEALTHCARE_COVERAGE,INCOME
ba419d35-0dfe-8af7-347c-eebf02485a56,1998-07-20,,999-49-6110,S99998540,X47273093X,Mrs.,Corie618,Sofia418,Pouros728,,Jast432,M,white,hispanic,F,Plattsburgh  New York  US,1028 Hoeger Crossroad,Albany,New York,Albany County,36001,12210,42.63681495971821,-73.75553779073068,82974.69,269772.75,28756
aee7bbe1-0c45-c028-1e62-1f4cdb30c273,2025-11-07,,999-21-5544,,,,Wilfredo622,Isaiah615,Fritsch593,,,,white,nonhispanic,M,New York  New York  US,265 Schamberger Rapid Unit 70,Lewisboro,New York,Westchester County,,00000,41.28228261404635,-73.61671131615718,4634.50,313.84,102779
4f083ce3-f12b-bb4b-7353-e17f0cd55b0a,1998-12-01,,999-78-6352,S99919304,X1855430X,Mr.,Ezekiel373,Leslie90,Walter473,,,,white,nonhispanic,M,New York  New York  US,332 Schulist Underpass,Yonkers,New York,Westchester County,36119,10703,40.87160697857709,-73.85495590408014,144988.03,56418.76,141031
46ee9d82-b52c-856d-069b-5064ff052225,1996-05-07,,999-44-2741,S99910578,X50898615X,Mrs.,Shalanda398,Kelsie51,Rath779,,Terry864,M,white,nonhispanic,F,New York  New York  US,925 Brown Annex,New York,New York,Queens County,36081,11101,40.81631315858056,-73.83099128132608,223185.94,578980.37,124612
aa616abe-1761-0c9a-7959-07544679dafd,1963-10-02,2011-09-09,999-83-4774,S99964418,X38725108X,Mrs.,Jona712,Bonnie873,Oberbrunner298,,Robel940,D,hawaiian,hispanic,F,Schenectady  New York  US,997 Grant Row Unit 85,New York,New York,Bronx County,36005,10453,40.70577276095647,-74.03203380399835,98729.14,2241486.53,26814
99a3817a-a711-1a3d-eb59-10ec00d4f201,1963-10-02,2010-12-01,999-32-6005,S99957833,X33938670X,Mrs.,Karie712,Judy192,O'Conner199,,Hermann103,M,hawaiian,hispanic,F,New York  New York  US,693 Wilderman Byway,New York,New York,Bronx County,36047,11208,40.78885479683885,-73.88343380173939,85898.09,1212209.78,26814
a7ed2924-6783-d247-8627-8d66e242fbbd,1963-10-02,,999-94-5005,S99926211,X50370429X,Mrs.,Sunshine777,Michelle423,Gerhold939,,Moore224,M,hawaiian,hispanic,F,Stony Brook  New York  US,383 MacGyver Arcade,New York,New York,Bronx County,36061,10199,40.67211332587591,-74.04620520871417,87509.06,1376603.88,26814
e74367bd-7385-97dc-2c7f-251b4cd9fe29,1960-08-12,,999-21-9587,S99961079,X18883089X,Mrs.,Tennille443,Denna536,Kuphal363,,Rosenbaum794,M,white,hispanic,F,Scarsdale  New York  US,911 Hauck Key Suite 34,New York,New York,Bronx County,36061,10153,40.75669768179604,-73.93140443578558,17810.31,1357089.37,23284
5e688e99-61b3-5c88-3f60-21df8aaced27,1947-10-12,,999-87-5260,S99915499,X9336305X,Mr.,Wallace647,Raymond398,Effertz744,,,S,white,nonhispanic,M,Brockport  New York  US,788 Hansen Skyway,New York,New York,New York County,36047,11238,40.815699461788164,-73.92160490106521,259745.20,172226.32,41721
46976cf7-b0bf-be20-39a5-9f425a52886d,2007-08-03,,999-37-5783,S99998241,,Ms.,Barbara209,Isabela97,Flórez858,,,,black,nonhispanic,F,Kingston  Kingston  JM,794 Dicki Neck Unit 4,New York,New York,Kings County,36005,10461,40.65186956519802,-74.04727535579968,92205.52,25000.53,95959
76b20010-c318-5754-8c85-983aa538522f,2018-02-05,,999-62-9324,,,,Jody426,Jeffrey461,Hickle134,,,,white,nonhispanic,M,Vestal  New York  US,368 Marquardt Highlands,North Amityville,New York,Suffolk County,,00000,40.659802057040714,-73.42639503746649,28657.32,21766.51,45610
c86c400e-ff88-a1e3-2e23-caa4d8311f47,1947-01-19,1982-06-26,999-14-5114,S99954127,X10235038X,Mr.,Herschel574,Hans694,Greenfelder433,,,M,white,nonhispanic,M,New York  New York  US,479 Haag Camp,Valley Stream,New York,Nassau County,36059,11580,40.61591661822866,-73.66577907767638,91860.91,31806.51,109315
7d871200-d6a1-471b-f4ee-e86a14ba55be,1947-01-19,,999-51-1519,S99938797,X55777616X,Mr.,Jon665,John539,Larson43,,,M,white,nonhispanic,M,New York  New York  US,839 Hammes Meadow Suite 37,Valley Stream,New York,Nassau County,36059,11580,40.636590171414674,-73.73581917401124,266173.32,1003708.89,109315
eb5910f1-26e6-bc6f-b300-716eae678d6f,1995-03-14,,999-20-9963,S99998394,X25395799X,Ms.,Larissa293,Jackeline690,Bins636,,,S,other,nonhispanic,F,New York  New York  US,861 Swift Lock,New York,New York,New York County,36081,11367,40.65105365164186,-73.754338370516,94918.28,874336.66,47596
6fbddf55-7096-b883-7cd3-260f27953080,1981-05-19,,999-94-1171,S99920850,X58291728X,Mrs.,Clarinda196,Serena400,Moore224,,Mayert710,M,white,nonhispanic,F,Chili  New York  US,205 Doyle Parade,Carmel,New York,Putnam County,,00000,41.39144161477611,-73.68451250656486,574823.59,445912.57,41890
bff9d9d5-ee3d-d852-9c67-36d8361a4a4a,2019-11-28,,999-45-1987,,,,Rosario163,,Ortiz186,,,,asian,nonhispanic,M,Watertown  New York  US,438 Schowalter Bypass,Mount Vernon,New York,Westchester County,36119,10553,40.87138027173491,-73.86088793392622,18894.58,2390.67,246352
62f60bdb-cc5c-8305-b98b-f2b229a55eca,1975-09-10,,999-12-9859,S99981460,X27358767X,Ms.,Angel97,Rocio28,Luettgen772,,,S,asian,hispanic,F,Hornell  New York  US,120 Collins Path Suite 22,New York,New York,Queens County,36061,10018,40.63075602358834,-73.94907970097861,757601.59,627420.84,74269
2d68ad16-268a-478c-1f84-d0f1976e1a46,2020-01-10,,999-71-2318,,,,Mauro926,Isaias604,Braun514,,,,black,nonhispanic,M,East Meadow  New York  US,686 Hilpert Annex,New York,New York,Queens County,36081,11697,40.73067301985332,-73.95753493031145,13630.04,448.07,103247
982750f4-569b-5949-196b-60699bdda3fb,1986-09-30,,999-41-6411,S99954611,X8275520X,Mrs.,Dwana281,Zora492,Muller251,,Schuppe920,M,white,nonhispanic,F,West Hempstead  New York  US,864 Wisozk Skyway Suite 4,New York,New York,Queens County,36061,10199,40.82943847266086,-73.96585439443452,340048.94,175288.58,51919
35b353dd-402b-571a-d67a-af0a104d0854,2018-07-19,,999-46-5496,,,,Jody426,,Monahan736,,,,white,nonhispanic,M,Buffalo  New York  US,823 Rohan Walk,West Islip,New York,Suffolk County,36103,11795,40.75049651453684,-73.27490000275422,38355.10,13066.99,164182
d3727ff2-5d7b-347f-d78c-edc4323cf890,2009-05-07,,999-94-4285,S99956000,,,Eunice461,Diann220,Fay398,,,,asian,nonhispanic,F,New York  New York  US,777 Bosco Union Suite 34,New York,New York,Kings County,36047,11210,40.62288104794447,-73.79819809371824,104412.60,17125.13,56736
2c167999-289d-95fa-5c27-7d8b8d35348c,1973-12-01,,999-81-3939,S99980193,X88249747X,Mr.,Eliseo499,Laverne101,Nader710,,,M,white,nonhispanic,M,Lee  New York  US,257 Wiza Forge Suite 31,New York,New York,New York County,36061,10026,40.61972981433789,-74.02080215810419,62645.82,224322.17,28811
9661a432-4630-2cd9-142c-386845fae837,1978-01-03,,999-46-9582,S99956270,X84579815X,Mr.,Paul232,Francisco472,Tremblay80,,,M,white,nonhispanic,M,New York  New York  US,558 O'Connell Trafficway,Brunswick,New York,Rensselaer County,,00000,42.714201167686205,-73.5844340105046,128358.99,37580.56,38363
c053e996-a4c4-6c02-e2b6-284227156c67,2023-08-03,,999-10-8066,,,,Sharyn437,Anette189,Hagenes547,,,,black,nonhispanic,F,New York  New York  US,663 Blick Plaza,Binghamton,New York,Broome County,36007,13901,42.05095927182852,-75.94317001727968,786.48,10125.72,10219
922fb35e-148d-9e82-7e65-bfa05e3b3515,1986-11-06,,999-74-7973,S99972124,X52075463X,Mrs.,Agnes294,Laree109,Mills423,,Muller251,M,white,nonhispanic,F,New York  New York  US,324 Reinger Highlands Apt 29,Lockport,New York,Niagara County,36063,14094,43.12923605437984,-78.66393136642954,323453.86,709477.81,149894
947c82ee-1735-c9ed-8210-38cb93d8070c,2016-04-05,,999-50-9740,,,,Marcell728,Augusta206,Hammes673,,,,black,nonhispanic,F,Plainedge  New York  US,350 Quigley Mill,New York,New York,Kings County,36005,10471,40.60943694483814,-73.77293479177159,50234.65,3038.52,107995
c0a47dee-cc72-29ce-df5a-ea6d306c36a4,1987-01-12,,999-95-9468,S99956936,X41432915X,Mr.,Víctor493,Samuel331,Bustos920,,,M,white,hispanic,M,Havana  Havana  CU,299 Witting Vale Apt 11,New York,New York,Queens County,36061,10007,40.67397290444847,-73.97819784682093,109629.20,42456.29,129734
080b069b-5108-46b6-ecef-6aacd3b9ef3f,1996-10-03,,999-85-1223,S99991152,X34220637X,Mr.,Chester802,Richie600,Aufderhar910,,,M,white,nonhispanic,M,New York  New York  US,314 Robel Quay,Deer Park,New York,Suffolk County,36103,11729,40.806199226129905,-73.30166321486861,104876.64,0.00,39027
5ba0a3f3-32f7-02b1-ec6a-8f568923954c,1998-05-06,,999-72-6669,S99940955,X84625505X,Mr.,Faustino767,Dominic463,Langworth352,,,M,asian,nonhispanic,M,Ridge  New York  US,373 Rath Skyway,New York,New York,Kings County,36081,11357,40.7431055272638,-74.0515946061002,12611.57,1046692.90,11168
d15b23ed-02d5-3e28-efbd-2604425317c5,2026-04-01,,999-23-1094,,,,Ivan258,,Goodwin327,,,,black,nonhispanic,M,New York  New York  US,640 Prosacco Street Suite 54,New York,New York,Kings County,36061,10017,40.72368569853572,-73.96262925722291,100.00,1922.30,4255
6aed9210-c500-4375-b0fc-3374c40b8591,1985-05-21,,999-77-1968,S99960033,X80125813X,Mr.,Lyman173,,Runte676,,,S,white,nonhispanic,M,Syracuse  New York  US,784 Strosin Hollow,Harrison,New York,Westchester County,36119,10580,40.99674011735439,-73.7651015997641,165297.91,903708.42,730041
f95a6723-14a5-c4b6-78df-fa97f7ab361c,1986-07-11,,999-46-9505,S99989761,X1005509X,Mrs.,Roxann426,,Schowalter414,,Bosco882,M,white,nonhispanic,F,New York  New York  US,632 Halvorson Rapid Apt 32,East Fishkill,New York,Dutchess County,,00000,41.59272821414531,-73.83599795738023,30793.02,1489994.44,696664
b6a1cac9-8873-36a7-e726-4aad8a07d44d,1993-03-02,,999-64-3707,S99989762,X80505112X,Mr.,Renaldo199,,Crist667,,,M,white,nonhispanic,M,New York  New York  US,1055 Miller Vale,Mount Vernon,New York,Westchester County,36119,10552,40.89784729424496,-73.84690715300472,10821.74,201697.06,4325
7b06ee52-df9a-8487-0be6-dff27cc7d519,2001-06-25,,999-74-6657,S99925700,X48105540X,Ms.,Ressie457,Eneida722,Nader710,,,,white,nonhispanic,F,Union Vale  New York  US,285 Weissnat Park,New York,New York,Bronx County,36061,10038,40.779375722092404,-73.79790977600962,174556.14,343495.75,137480
4aaa0001-3832-cc52-e2f3-47aad08f4284,2005-12-25,,999-38-1206,S99967076,X49122723X,Mr.,Marvin195,Minh326,Weissnat378,,,,white,nonhispanic,M,Broadalbin  New York  US,785 West Meadow Unit 75,New York,New York,Queens County,36061,10033,40.70972792105052,-74.00929048211974,4253.79,136179.27,16471
f32a088b-988b-d7d5-008b-89ea4ed1fc48,2006-07-05,,999-97-4202,S99948437,X13327781X,Mr.,Mariano761,Juan88,Santacruz647,,,,asian,hispanic,M,Santo Domingo  National District  DO,1090 Crist Spur Suite 38,New York,New York,Queens County,36081,11355,40.52214960582173,-74.26843925866257,60220.23,4531.38,98729
d20bc0bc-3051-ae6f-f391-ceec7ec0370f,2010-02-10,,999-62-3335,S99943000,,,Lavette209,Cathrine584,Kozey370,,,,white,hispanic,F,New York  New York  US,976 Kilback Lodge Apt 46,New York,New York,Queens County,36081,11422,40.78749945231454,-73.71989230106568,50410.07,19597.65,49071
a2fb233f-60e0-b477-cd38-af3923f792a3,1962-01-27,,999-43-3625,S99973189,X28069052X,Mr.,Tanner110,Amos720,Mitchell808,,,M,white,nonhispanic,M,New York  New York  US,144 Hartmann Viaduct Apt 57,Nanuet,New York,Rockland County,36087,10954,41.12766253835959,-74.02690743405901,263996.04,225087.50,37266
5e7ebf2c-22ec-a89b-53ab-38edddd81be9,2008-06-15,,999-51-2537,S99934715,,Ms.,Rosalba160,,Larson43,,,,white,nonhispanic,F,Farmington  New York  US,1071 Rau Run Suite 89,New Cassel,New York,Nassau County,,00000,40.75561380468901,-73.6075846260248,71841.76,31850.76,182778
5c39a9da-6fb0-3cbb-0181-add875529d46,2011-02-17,,999-45-8329,,,,Teodoro374,Jesús825,Rosas160,,,,white,hispanic,M,Havana  Havana  CU,1065 Hamill Center Suite 34,New York,New York,Bronx County,36061,10025,40.596202711071705,-73.76749691478861,4094.00,617380.25,10909
6f45f2e9-a617-570a-8867-dec1260088bb,2013-05-16,,999-43-6844,,,,Carey440,Theo630,Mraz590,,,,white,nonhispanic,M,New York  New York  US,343 Feeney Terrace,Pelham,New York,Westchester County,36119,10803,40.949092551278916,-73.79318136593356,43648.42,160835.56,749896
7512bbb4-b22b-0979-6edc-389e16607ac7,2015-01-15,,999-53-5755,,,,Tamie596,Joi660,Herzog843,,,,asian,nonhispanic,F,Yokohama  Kanagawa  JP,256 Fritsch Pathway,New York,New York,New York County,36061,10075,40.710829234449456,-73.75231850751571,2383.05,40059.95,20756
79021b82-f370-50bb-c5a1-7333816d683f,1968-02-18,,999-95-8494,S99947462,X47011669X,Ms.,Evette961,,Farrell962,,,S,white,nonhispanic,F,Sinclairville  New York  US,1030 Lehner Branch,New York,New York,New York County,36081,11415,40.74250611093211,-73.86004791693962,552928.69,1498033.69,765183
7811dc30-8c86-8164-6c33-6b6f464745ef,2015-02-26,,999-38-9284,,,,Mignon230,,Towne435,,,,asian,nonhispanic,F,Haiphong  Kiến An  VN,250 Moen Underpass,New York,New York,Kings County,36047,11210,40.72722243223689,-73.93013858043074,20915.56,41133.62,867330
d3cb6736-0991-40ed-a220-7c714aba4c37,1982-06-20,,999-18-9450,S99992583,X37579742X,Mr.,Tristan353,Josh874,Reichel38,,,M,white,hispanic,M,Clifton Park  New York  US,1089 Casper Branch Apt 85,Riverhead,New York,Suffolk County,36103,11901,40.9533038102959,-72.60078962385516,18706.88,203251.65,130944
26aa011e-0d75-d1a3-3c5a-560a9450cc9d,2010-02-21,,999-88-4732,S99930207,,,Jesse626,Roosevelt595,Wolf938,,,,white,nonhispanic,M,New York  New York  US,791 Lindgren Passage Apt 87,Yonkers,New York,Westchester County,36119,10701,40.99154053580654,-73.85686414130046,33604.92,56454.75,66918
d57841fa-c9e2-a3d1-0e78-09bdbe4eed66,1965-06-06,,999-78-2116,S99990574,X36674944X,Mrs.,Jessica140,Susannah249,Huels583,,McKenzie376,M,white,nonhispanic,F,New York  New York  US,891 Mraz Bridge Apt 79,Wheatfield,New York,Niagara County,,00000,43.06813739245121,-78.86423684295741,430684.12,1522208.29,145475
75d6a35c-c2e1-5b9f-e7f8-6a5b05af8fc8,2012-12-21,,999-44-7679,,,,Hiram237,Abraham100,Batz141,,,,white,nonhispanic,M,New York  New York  US,433 DuBuque Estate,Ballston Spa,New York,Saratoga County,36091,12020,42.958626249871095,-73.91148033782434,23441.31,44052.93,37790
47d390c6-a1a2-1a80-dd1d-9722c7b24159,2009-01-24,,999-48-4421,S99930003,,,Demarcus108,,Jones311,,,,white,nonhispanic,M,New York  New York  US,571 Hills Highlands Apt 93,Palmyra,New York,Wayne County,36117,14522,43.08587029852728,-77.23788874842114,3499.25,75472.93,2134
322ab5c6-5846-ac1e-38cc-48b8cb441e20,1965-01-14,,999-64-4805,S99925151,X38351692X,Mrs.,Lena684,Charlott617,Krajcik437,,Williamson769,D,white,nonhispanic,F,New York  New York  US,936 McKenzie Key Suite 0,West Islip,New York,Suffolk County,36103,11795,40.668678641911605,-73.28023948242962,825022.05,1081607.57,96457
2de4dd0d-f665-8a2e-4c6b-997735e14ace,1987-09-11,,999-50-9887,S99927462,X18775001X,Mr.,Aron520,Gary33,Hammes673,,,D,white,nonhispanic,M,New York  New York  US,793 Mayert Lodge Unit 44,Orangeburg,New York,Rockland County,36087,10962,41.055538320016794,-73.94081158335895,92358.01,27874.01,645186
dd9da64b-7b38-4f91-e75d-b1268dde60d4,2001-12-11,,999-51-2949,S99995147,X79759645X,Ms.,Donnetta255,Alexandria361,Jenkins714,,,,black,nonhispanic,F,Lee  New York  US,684 Welch Arcade Apt 38,Greenville,New York,Greene County,36039,12083,42.381189188589104,-74.02694326914761,173332.41,909164.82,80611
7c913488-8c54-7aa0-a452-83dbc3ad8377,1966-12-13,,999-65-4697,S99997526,X80694527X,Mrs.,Florencia449,Eloisa55,Sauceda634,,Concepción765,M,asian,hispanic,F,Portsmouth  Saint John Parish  DM,974 Langworth Station,New York,New York,Queens County,36061,10035,40.89493628719547,-73.84649478508462,1215920.27,723887.51,39886
6bc4cd5d-0216-17a9-8192-ac2209957d3a,1998-08-30,,999-61-2767,S99937792,X81430633X,Ms.,Pamela954,Gilma310,Thompson596,,,,white,hispanic,F,New York  New York  US,842 Koch Common,Smithtown,New York,Suffolk County,36103,11787,40.89982941520977,-73.20890750066476,60604.36,250731.99,232022
a203c138-c1f4-67db-655a-5138756a96c7,1970-12-05,2023-09-22,999-87-6157,S99918824,X86339640X,Mrs.,Mariela993,Alyce744,Schultz619,,Abernathy524,W,white,nonhispanic,F,Lockport  New York  US,320 Collins Terrace,New York,New York,New York County,36081,11430,40.73089568194054,-74.02453846455207,1253572.09,1250111.13,58802
321f6485-1d32-6c74-4ddc-8d9ccfb98527,1970-12-05,,999-41-5105,S99957115,X31247157X,Ms.,Marcy588,Minnie888,Wisoky380,,,S,white,nonhispanic,F,New York  New York  US,316 Larson Common,New York,New York,New York County,36081,11365,40.85914898558,-73.81613286208895,667985.03,591558.55,58802
b329ef8d-a18b-a62f-aa37-7b5ca4504f4b,1986-12-11,,999-49-8193,S99910728,X83952474X,Mr.,Hans694,Orval846,Bogisich202,,,M,asian,nonhispanic,M,New York  New York  US,384 Breitenberg Center Suite 99,New York,New York,Kings County,36081,11421,40.802393305577,-74.00496312402367,184341.84,0.00,41204
50b95daa-11fb-fb1d-f3aa-70e2d777e5ba,2003-11-11,,999-15-3798,S99982950,X34286860X,Ms.,Yuk263,Agripina633,Hoppe518,,,,white,nonhispanic,F,New York  New York  US,782 Gerhold Run Unit 18,Uniondale,New York,Nassau County,36059,11553,40.70497650276204,-73.60524693571662,50098.44,110861.57,62760
9255b577-57ec-5114-269d-ae0e5e12f290,2007-03-16,,999-38-1139,S99947836,,Ms.,Laraine204,Alpha246,Jaskolski867,,,,white,nonhispanic,F,New York  New York  US,554 Yost Underpass Unit 38,New York,New York,New York County,34017,10004,40.73209935163519,-74.05500736490349,220419.34,107139.38,42139
5efaa97c-4a6c-5f10-2c9c-8ffdefa57893,1984-07-25,,999-58-1575,S99947011,X32608863X,Mr.,Loyd638,Louis204,Tromp100,,,M,white,nonhispanic,M,Plattsburgh  New York  US,1042 Dickinson Orchard Unit 51,New York,New York,Richmond County,36081,11368,40.78043522025848,-73.94346556093605,126536.63,688178.93,46339
df2f3ddb-2760-b3c7-40be-f2fbee474089,1975-12-27,,999-49-5175,S99977731,X620014X,Mr.,Dallas143,,Jacobi462,,,M,white,nonhispanic,M,New York  New York  US,183 Abernathy Alley,New Hyde Park,New York,Nassau County,36059,11040,40.77416078149434,-73.69385661830933,158688.22,90721.90,998625
ce44621f-406f-233d-11a3-22cdc96f9aec,2012-10-02,,999-28-2268,,,,Blake449,See995,Konopelski743,,,,black,nonhispanic,F,Atlantic Beach  New York  US,1093 Gutmann Trail,New York,New York,Kings County,36085,10301,40.7862201900048,-73.76247968302201,66934.89,203694.62,38542
9dc02e0c-624b-81c6-4648-829d5074bf90,1985-02-11,,999-38-1204,S99981829,X11721018X,Mr.,Riley817,Jarod376,Spinka232,,,M,white,nonhispanic,M,Cortland  New York  US,191 Greenholt Club Suite 47,Cheektowaga,New York,Erie County,36029,14225,42.91561507678268,-78.82085702045883,116905.82,10943.58,61531
5fd603dd-1d6a-62be-0862-67ff6e3978b5,2013-04-21,,999-38-2304,,,,María Luisa888,,Arredondo74,,,,white,hispanic,F,Guatemala City  Guatemala  GT,340 Braun Passage Apt 35,New York,New York,Kings County,36061,10199,40.71690685152271,-73.97410988847123,2150.00,55251.32,4053
b27ee48d-2590-6e78-ee68-28a31a2b37e1,1994-12-21,,999-74-9447,S99958269,X15011862X,Mr.,Rod343,Pat3,Grimes165,,,M,white,nonhispanic,M,Washingtonville  New York  US,411 Wyman Trace,New York,New York,Kings County,36047,11208,40.63863390788615,-74.023540548309,130174.71,143939.38,36897
e89af71d-4aa4-2237-e71d-6fa8e4b5af09,1984-05-23,,999-20-6584,S99959378,X23244925X,Mrs.,Chantell995,Chasity985,Hahn503,,Heathcote539,M,white,nonhispanic,F,New York  New York  US,822 Lubowitz Estate Unit 52,New York,New York,Kings County,36047,11425,40.65627859669666,-73.97647177647568,363503.25,944232.17,43858
3236b1f8-2bc1-3e38-c539-a29407c6a206,2004-08-27,,999-15-6186,S99953167,X3622134X,Ms.,Krysta658,Leah288,Barrows492,,,,black,nonhispanic,F,New York  New York  US,996 Ankunding Approach Apt 1,New York,New York,Kings County,36005,10467,40.884124634989114,-73.85477557358904,32850.10,1258244.21,93722
cf22cde5-48e9-1907-78ec-42abd6782fbe,1968-09-24,,999-30-2282,S99929871,X81754197X,Mrs.,Letty680,,Tremblay80,,Predovic534,M,white,nonhispanic,F,New York  New York  US,607 Wuckert Quay,New York,New York,Kings County,36081,11358,40.53436780953481,-73.99000868482926,17988.90,1369903.96,2130
a0c03c21-c7e2-54b4-175d-a01e8ba6de7b,2009-03-01,,999-22-1126,S99986816,,,Dawn804,,Jenkins714,,,,black,nonhispanic,F,Highland  New York  US,1077 Luettgen Glen,Centereach,New York,Suffolk County,36103,11720,40.88049136712374,-73.11788860293483,32950.37,56855.25,164361
76a1559f-a83a-59b9-ed07-4efd4a0f1b39,1983-06-03,,999-48-4172,S99968031,X21315847X,Mrs.,Alethia102,Beatris270,Feest103,,Abernathy524,M,white,nonhispanic,F,New York  New York  US,128 Strosin Well Unit 53,New York,New York,Queens County,36081,11420,40.72652729426694,-73.9273267930556,25221.86,1340891.84,17008
4e3a6f7b-ffb9-5478-ae0f-e03a42891892,2000-07-27,,999-15-2429,S99963820,X49304715X,Ms.,Gerda633,Mia349,Trantow673,,,,white,nonhispanic,F,Victor  New York  US,296 Zemlak Ferry,Copiague,New York,Suffolk County,36103,11726,40.69058510842636,-73.3580119812251,92137.14,172712.74,83270
8a378120-cbc8-8dc0-04be-44a8c807932f,1971-10-23,,999-82-7326,S99916808,X77731802X,Mrs.,Santa373,,Gulgowski816,,Gerlach374,M,white,nonhispanic,F,New York  New York  US,1049 Luettgen Viaduct Apt 19,Syracuse,New York,Onondaga County,36067,13219,43.05417569226924,-76.14138691289286,67526.91,362459.18,492
a296a2ba-b1ad-a3c5-d172-aa3dfdbcdab9,1987-03-08,,999-31-8127,S99939062,X53802602X,Ms.,Ana972,Ana Luisa894,Agosto501,,,S,black,nonhispanic,F,San Jose  San Jose  CR,724 Nolan Camp Unit 48,New York,New York,Queens County,36081,11692,40.68932474227868,-73.88057238727558,14478.74,458822.21,17562
20526ee7-17ba-b863-b5f1-776defcde2e6,1972-09-18,,999-73-8834,S99950597,X88698887X,Mr.,Jonathon205,,Hermann103,,,M,white,nonhispanic,M,Wallkill  New York  US,329 Wintheiser Viaduct Apt 34,East Patchogue,New York,Suffolk County,36103,11772,40.73593331913067,-72.98590154097928,150100.66,85758.94,196164
7f50d0ba-ca6b-eaa7-d4f7-50dc977f2e50,2002-12-10,,999-36-3745,S99993939,X75914309X,Ms.,Kerry175,,Dickens475,,,,white,hispanic,F,New York  New York  US,537 Walsh Mission,New York,New York,Queens County,36085,10306,40.582727069464966,-73.95075465812866,60337.15,115717.67,189971
06fe0fa1-aba9-b4f6-6231-5f41bd42492d,1967-09-01,,999-90-2097,S99963618,X36257999X,Mr.,Dong972,,Borer986,,,M,white,nonhispanic,M,New York  New York  US,688 Yundt Camp Suite 41,Rye,New York,Westchester County,36119,10573,40.95403148660685,-73.64678390140791,180884.10,666204.51,377342
09570ca0-77fa-de46-54b5-14ac2040a62e,1942-05-01,2019-10-21,999-45-6482,S99938442,X10477738X,Mr.,Bennie663,,Collins926,,,M,white,nonhispanic,M,Rome  New York  US,1060 Lesch Lane Unit 35,Cheektowaga,New York,Erie County,36029,14227,42.950715263693354,-78.75040738677973,163069.79,2582339.22,8753
c7674d0a-5a34-80a7-8d3a-377bf3a27702,1942-05-01,2022-05-14,999-44-9347,S99927868,X19176535X,Mr.,Kurtis994,,Rutherford999,,,M,white,nonhispanic,M,New York  New York  US,659 Lehner Ramp Apt 81,Cheektowaga,New York,Erie County,36029,14206,42.97368937433869,-78.71491367812634,51605.87,5568571.42,8753
aaef856b-f644-9312-6e15-6c089edfad60,1942-05-01,2004-02-17,999-26-2910,S99981256,X64052601X,Mr.,Wilson960,Collin529,Kuvalis369,,,M,white,nonhispanic,M,Elmont  New York  US,790 Ortiz Corner Apt 29,Cheektowaga,New York,Erie County,36029,14227,42.89179342268098,-78.7059787079349,13394.74,558693.18,8753
a5ba8ecd-b59b-ef88-d204-14b6f13d15cd,1942-05-01,1983-12-06,999-29-8016,S99969956,X36615128X,Mr.,Earnest658,Dennis979,Wolf938,,,M,white,nonhispanic,M,New York  New York  US,320 Koelpin Stravenue Unit 8,Cheektowaga,New York,Erie County,36029,14227,42.83363779656764,-78.81596541479517,8366.64,285036.49,8753
c95af461-6fc4-3f0a-8052-32afa648b9e0,1942-05-01,2006-12-05,999-42-3480,S99973816,X64083502X,Mr.,Tracey100,Grover559,Labadie908,,,D,white,nonhispanic,M,Troy  New York  US,806 Nitzsche Village Unit 97,Cheektowaga,New York,Erie County,36029,14227,42.929823367330926,-78.80210266362758,108444.62,913413.87,8753
8cbb5751-6fd0-b2b4-3a2d-e292390482d7,1942-05-01,,999-84-4546,S99991036,X17566432X,Mr.,Bobbie849,Esteban536,Lynch190,,,M,white,nonhispanic,M,New York  New York  US,662 Carter Trail Unit 96,Cheektowaga,New York,Erie County,36029,14215,42.954226755176556,-78.78202781569728,22628.87,793015.77,8753
7bdd30f5-7598-e44a-c32c-f928becb9d5e,2009-06-29,,999-30-7687,S99952458,,,Lavina533,Christene303,Hartmann983,,,,asian,hispanic,F,New York  New York  US,757 Nolan Haven Suite 44,New York,New York,Queens County,36061,10022,40.6590523589461,-73.74648682224034,38386.87,60695.55,123819
a7b1943e-4400-ed7b-2b1f-67b40f8f36e2,1976-08-13,,999-41-4188,S99931204,X39246731X,Mr.,Rosario163,,Runolfsson901,,,M,white,nonhispanic,M,New York  New York  US,279 Pfannerstill Pathway,Elmont,New York,Nassau County,36059,11003,40.7378568937388,-73.67273550532502,108052.99,68148.16,837723
6550f07d-78c7-bd66-5faa-a6aa4604e490,1976-03-07,2019-01-09,999-88-4335,S99978761,X68902324X,Mr.,Junior695,Rory188,Cremin516,,,D,white,hispanic,M,Rochester  New York  US,520 Reynolds Grove Apt 81,Harrison,New York,Westchester County,36119,10580,41.11252821625178,-73.76295845116691,104051.58,28214.64,776519
ce8f0d5d-2f0f-0c66-6a64-518b1e209f13,1976-03-07,,999-21-6189,S99948350,X43711146X,Mr.,Johnie961,Tyson541,Grant908,,,M,white,hispanic,M,South Lockport  New York  US,1040 Champlin Union,Harrison,New York,Westchester County,36119,10580,40.968357223326514,-73.68290935182216,76714.23,110619.71,776519
f0af24ba-22df-a2a6-ca80-9814fb6febff,1980-12-19,,999-17-4968,S99920017,X84283420X,Mr.,Caleb651,Mitchell808,Wiza601,,,M,white,nonhispanic,M,Eggertsville  New York  US,150 Watsica Dam,Irondequoit,New York,Monroe County,36055,14622,43.26159904100818,-77.56197206495038,186727.33,47447.29,58325
6275db11-d13f-3576-ca29-c3f6247ac2dc,2023-01-28,,999-55-9695,,,,Teri144,Layne115,Hilpert278,,,,other,hispanic,F,North Massapequa  New York  US,1038 Quitzon Lock Suite 18,New York,New York,New York County,36061,10016,40.693397676840846,-73.73075806255422,11917.52,2065.36,74220
a56f7570-fa42-cebe-bded-330118a4268c,2004-03-29,,999-23-8973,S99961586,X8762033X,Mr.,Stuart913,Issac619,Price929,,,,black,nonhispanic,M,Freeport  New York  US,107 Leannon Passage Apt 66,New York,New York,Kings County,36005,10471,40.61832914511041,-74.0479719743459,7045.20,1133800.59,22311
c53d3c4b-b3b9-3303-5a5b-ee949726f4ca,2010-05-13,,999-27-7698,S99959996,,,Sharyn437,,VonRueden376,,,,white,nonhispanic,F,New York  New York  US,348 Dooley Frontage road Suite 71,New York,New York,Richmond County,36061,10029,40.76714222203718,-73.9593329425191,31214.40,43462.80,905454
e4dffd18-650e-d1a9-f0bb-df102547605e,1994-06-16,,999-81-8799,S99951371,X32152688X,Ms.,Alejandrina481,,Wisoky380,,,S,black,nonhispanic,F,Nassau  New York  US,234 Kuhn Gardens Apt 2,New York,New York,Kings County,36005,10471,40.68975648068507,-73.97589416256193,188262.25,1288429.07,930408
994d6249-48af-8064-c677-0fb58b1b59a8,1952-01-12,,999-83-4738,S99970073,X47058637X,Mr.,Hai304,,Marvin195,,,M,black,nonhispanic,M,New York  New York  US,471 Mosciski Center Apt 23,New York,New York,Bronx County,36061,10119,40.66906926882928,-73.7953137585948,17585.68,1281554.31,2326
f9dd6522-9d7a-93cd-c9c9-4fe118627441,1991-12-03,,999-21-2090,S99973880,X49804225X,Ms.,Peggie783,Ima629,Wiza601,,,S,white,nonhispanic,F,New York  New York  US,434 Koelpin Arcade,Binghamton,New York,Broome County,36007,13903,42.00050811901512,-75.86876256640303,87745.14,728303.33,27529
13bbd9ac-5c42-f173-5411-4e30e7da9e8d,1982-06-01,,999-19-5726,S99937758,X29754210X,Mrs.,Zina602,Joyce806,Schneider199,,Parisian75,M,asian,nonhispanic,F,New York  New York  US,614 Wisoky Neck Suite 35,New York,New York,Kings County,36047,11237,40.73332232913245,-73.95419523267172,20944.76,1457820.72,12354
c66e4f6a-5dd7-04e6-a6c2-b9f4122446d2,1981-09-23,,999-38-9157,S99912810,X43649991X,Mr.,Xavier983,Toby274,VonRueden376,,,M,white,nonhispanic,M,Wawayanda  New York  US,1089 Hahn Way Unit 93,Harrison,New York,Westchester County,36119,10528,41.01938925722605,-73.74031053555598,107750.62,33618.86,744552
4760e5e7-fa82-b084-95cb-bb4564d42496,1954-04-26,,999-59-3765,S99939698,X71830137X,Mrs.,Genoveva361,Lilliam592,Douglas31,,Morar593,M,white,nonhispanic,F,Rochester  New York  US,852 Runolfsson Lane Apt 56,Hewlett Harbor,New York,Nassau County,36059,11557,40.66698994871307,-73.72070846014185,479058.63,1209415.26,712846
e632520a-2e4f-3419-c0f1-1f7b89f11d9c,1965-03-08,,999-67-4307,S99917206,X22169915X,Mrs.,Maricarmen445,Susana117,Bétancourt447,,Viera553,D,white,hispanic,F,Bogota  Bogota  CO,676 Konopelski Vista Unit 69,East Massapequa,New York,Nassau County,,00000,40.64940568055316,-73.42909785041935,415801.10,1292668.03,138280
5fb3b9bc-eba6-e693-4e05-6bd91dbea56b,2018-02-28,,999-91-1975,,,,Galen747,Scott935,Koelpin146,,,,asian,nonhispanic,M,Westmere  New York  US,168 Murazik Terrace,New York,New York,Queens County,36047,11229,40.76261704451153,-73.93650429234768,16019.16,23205.11,763067
6e6a4d89-4709-5549-d696-94a38122b047,1986-08-13,,999-17-3257,S99912318,X32039148X,Mrs.,Jammie261,Madge238,Raynor401,,Gaylord332,D,white,nonhispanic,F,Essex  New York  US,845 Streich View Unit 45,New York,New York,Kings County,36061,10038,40.74498934324914,-74.02658439247644,104015.32,1957621.10,27257
55133401-cd51-32bc-3046-82cb0a11d3da,1970-03-24,2011-01-12,999-94-9046,S99956657,X5779754X,Mr.,Joesph309,Young120,Blanda868,,,S,white,nonhispanic,M,Albertson  New York  US,746 Treutel Ferry,New York,New York,Queens County,36061,10199,40.715477385257124,-73.93676100222925,8172.02,148061.96,15783
d74e84cc-ab07-84a4-01b8-29f90bc3f02c,1970-03-24,,999-19-4686,S99937674,X37518937X,Mr.,Conrad619,Johnnie679,Lebsack687,,,M,white,nonhispanic,M,New York  New York  US,902 Labadie Lodge,New York,New York,Queens County,36061,10170,40.59677835520413,-74.19651121911923,12235.41,390657.05,15783
50ad813c-cbc2-47aa-eaaa-8694cbcd66c9,2022-12-24,,999-15-2028,,,,Randal152,Walton167,Gusikowski974,,,,white,nonhispanic,M,Waddington  New York  US,423 Cassin Center Apt 5,Troy,New York,Rensselaer County,36083,12182,42.77492215095944,-73.60676283819818,700.00,22498.01,23092
715724a5-2018-a4ef-8f62-42ec13f9c91d,2017-04-30,,999-84-8728,,,,Rosella686,Ryan260,Parker433,,,,white,nonhispanic,F,New York  New York  US,789 Weissnat Burg,Bethlehem,New York,Albany County,,00000,42.55647076786578,-73.84633668185124,26420.22,12370.74,62618
18b101ed-6582-7193-5a1a-cac8e8de151c,2012-06-20,,999-47-2612,,,,Ivory697,Sam879,Miller503,,,,white,nonhispanic,M,Yonkers  New York  US,359 Nitzsche Crossing,New York,New York,Bronx County,36061,10153,40.7303707062702,-73.94975151708312,2850.00,62799.85,18203
bec25def-e2ce-2fe3-4022-747293bc775e,1964-01-06,,999-21-7720,S99945214,X85259384X,Mr.,Martín25,,Cervántez278,,,S,white,hispanic,M,San Jose  San Jose  CR,357 Schmidt Way,New York,New York,Kings County,36085,10306,40.82657940064272,-73.91969226235979,190604.52,158601.95,875378
2bbd76b7-e9a4-0597-7752-c228b9ffe6c1,1958-08-22,2019-12-30,999-80-3561,S99947371,X40883068X,Mrs.,Lois157,,Goyette777,,Nienow652,M,black,nonhispanic,F,New York  New York  US,650 Olson Station,North Valley Stream,New York,Nassau County,,00000,40.727407344823455,-73.67763414372367,291854.72,1558113.41,193916
f1838062-ff2a-1290-60ec-0e551c47975d,1958-08-22,,999-44-1175,S99954697,X75081799X,Mrs.,Lavonna163,Sandra485,Leuschke194,,Hahn503,M,black,nonhispanic,F,New York  New York  US,501 Schneider Run,North Valley Stream,New York,Nassau County,,00000,40.69468230727546,-73.68890234709934,193302.34,1533666.40,193916
ce2e160d-4a41-c64a-859f-2653d0ec39ad,1991-09-04,,999-82-8005,S99940158,X69515878X,Mr.,Bradly656,,Zemlak964,,,M,white,nonhispanic,M,Chenango Bridge  New York  US,595 Parisian Avenue,New York,New York,Kings County,36085,10314,40.72851694993021,-73.86160225989548,89062.88,882700.10,198717
23c94034-f050-04d5-c5a3-2d42bf3ccc7f,2024-11-03,,999-76-8806,,,,Talitha643,,Bergnaum523,,,,white,hispanic,F,New York  New York  US,800 Schmitt Boulevard Apt 23,New York,New York,Queens County,36081,11365,40.73473181195031,-73.9806226346621,5785.57,0.00,182688
17cb5ccc-4c1f-9747-f535-e57cd464679d,1947-05-28,,999-74-5756,S99955027,X3823643X,Mr.,Jefferson174,Renaldo199,Dach178,,,D,white,nonhispanic,M,New York  New York  US,804 Nolan Haven,Commack,New York,Suffolk County,36103,11725,40.791467053092894,-73.30093024669678,14187.62,572649.67,18218
06eb6dda-a918-928f-76cf-6bf370cf2014,2017-12-17,,999-92-3855,,,,Kenneth671,Vincent299,Ritchie586,,,,white,nonhispanic,M,Bohemia  New York  US,343 Wisozk Hollow,Valley Stream,New York,Nassau County,36059,11580,40.681242539925144,-73.68379458254418,17654.15,43900.32,97576
8c5fa9a2-4100-1e1c-1287-7effbfe0c0d2,1981-05-21,,999-72-6214,S99983713,X18516223X,Ms.,Rubie803,Angle307,King743,,,S,black,nonhispanic,F,New York  New York  US,685 Batz Trafficway,New York,New York,Bronx County,36061,10018,40.87242777553662,-73.88594060443624,579146.73,188914.70,40171
