Id,NAME,ADDRESS,CITY,STATE,ZIP,LAT,LON,PHONE,REVENUE,UTILIZATION
df6473cf-a70b-3401-b1ac-8d213ab31d86,CALLEN LORDE COMM HEALTH CENTER,230 WEST 17TH STREET,NEW YORK,NY,100115325,42.130417,-76.83194599565286,2122717206,0.0,159
553c4438-8662-3733-9f31-7242eacb69eb,CLINTON SQUARE OPERATIONS LLC,918 JAMES ST,SYRACUSE,NY,132032500,43.057120850000004,-76.13756448367403,3154220433,0.0,2
1097897f-7025-3f4b-8f3a-a81085f14ff0,CALLEN LORDE COMMUNITY HEALTH CENTER,356 W 18TH ST,NEW YORK,NY,100114401,40.743056800000005,-74.00318348270332,2122717280,0.0,35
616aae23-faf5-3f1c-9c40-3fa4aa684615,SCHENK PRIMARY CARE MEDICINE PLLC,2350 MAPLE RD STE 100,AMHERST,NY,142214080,42.9898084,-78.7009861,7166886500,0.0,28
ebca1449-3e4e-3d6a-bd2f-7d2ab8fbdb0b,RIDGEVIEW INTERNAL MEDICINE GROUP LLP,1850 RIDGE RD E,ROCHESTER,NY,146222475,43.2023373,-77.5683011,5853423870,0.0,44
1a889af5-b516-3d84-961c-0b7d679b238c,NORTHERN URGENT MEDICAL CARE PLLC,16418 NORTHERN BLVD,LONG ISLAND CITY,NY,111015967,40.7622052,-73.8038213,7189395900,0.0,1
1c47f382-4db1-3342-b970-5d1209cfc00a,BRUNSWICK FAMILY PRACTICE PLLC,785 HOOSICK RD,TROY,NY,121806646,42.7486309,-73.6380883,5182794065,0.0,12
db6bb5d7-e45f-3e16-a7b8-405657831146,URGENT RADIOLOGY SERVICES PC,405 CANDLEWOOD COMMONS,WOODMERE,NY,115981233,40.6320482,-73.7126314,6312402287,0.0,49
ae6a1bfa-3f32-31cd-97fd-5eb843c0b22d,HILLSIDE URGENT CARE PLLC,16403 HILLSIDE AVE,JAMAICA,NY,114324140,40.7092969,-73.7972418,7185548072,0.0,1
3d9f1778-c912-35fd-a0bd-d1cc47229a82,MERCY MEDICAL CENTER,1000 N VILLAGE AVE,ROCKVILLE CENTRE,NY,115701000,40.687163049999995,-73.6308877566128,5167052525,0.0,37
b1183ba6-ba0b-343c-9d35-5dae5157a80b,EAST END URGENT & PRIMARY CARE MEDICINE PLLC,1228 E MAIN ST,RIVERHEAD,NY,119012675,40.931373949999994,-72.64974924894308,6316033400,0.0,2
7edd5482-7e46-3757-82de-52ad028f7dca,LONG ISLAND JEWISH MEDICAL CENTER,900 FRANKLIN AVE,VALLEY STREAM,NY,115802145,40.6815493,-73.68645927443026,5162566600,0.0,16
6762c923-de11-3e8a-87a0-ec57461d7f8c,TRIBORO CENTER FOR REHABILITATION AND NURSING,1160 TELLER AVE,BRONX,NY,104564145,40.83147925,-73.91156364992112,7182931500,0.0,2
1ac40a4a-ef9c-3205-ba0c-b522629847ff,LONG ISLAND COMMUNITY HOSPITAL,101 HOSPITAL ROAD,PATCHOGUE,NY,117723003,40.7802502,-72.97642105305104,6316547100,0.0,37
4c6c429f-03b7-3eb8-ae5d-672bb46d69a9,FAMILY & CHILDREN'S SERVICE OF THE CAPITAL REGION INC.,650 WARREN STREET,ALBANY,NY,122082998,42.6587082,-73.78713619999999,5184626531,0.0,18
d3d5e55e-a9f8-35dd-9477-ca6454202cf0,GEORGE B HUGHES MD FAMILY MEDICINE PLLC,333 KINGSLEY RD,BURNT HILLS,NY,120279509,42.9122246,-73.89596824172146,5183700094,0.0,22
e4b0c97b-faf6-334a-ba77-7667bd828673,FAMILY MEDICAL CARE OF BAYSHORE  PC,1745 UNION BLVD,BAY SHORE,NY,117067952,40.72540155,-73.24964021170264,6313285560,0.0,17
e9cb9031-ed8d-33cb-acbf-bc6c807bb0eb,QUEEN OF PEACE RESIDENCE,110-30 221ST STREET,QUEENS VILLAGE,NY,114292531,40.7296847,-73.7421371,7184641800,0.0,1
30c0d4f0-e484-39fd-a63d-d7f7a7cdaf1f,HERITAGE HOUSE NURSING CENTER  INC,2920 TIBBITS AVE,TROY,NY,121807077,42.732078,-73.6629719,5182744125,0.0,1
a3fce32a-3427-36e3-83c9-258874d167ee,THE OSBORN,101 THEALL ROAD,RYE,NY,105801406,40.9727868,-73.6997955,9149674100,0.0,10
040393fc-58db-32db-bcfa-6ed608849fee,HEALTH QUEST URGENT MEDICAL CARE PRACTICE  P.C.,1530 ROUTE 9,WAPPINGERS FALLS,NY,125904131,41.5965635,-73.9112103,8454789661,0.0,5
19de58f9-5f51-3313-9374-b65db1041a8d,OPEN DOOR FAMILY MEDICAL CENTER INC,5 GRACE CHURCH ST,PORT CHESTER,NY,105734911,40.9976151,-73.6651519,9149378899,0.0,53
7e401438-9dff-3782-a97c-dc27ddfd9e20,AHRC HEALTH CARE INC,83 MAIDEN LN,NEW YORK,NY,100384812,40.7075612,-74.0075651,2127802500,0.0,73
be9c96bb-6e39-3e37-8e64-de57be17402f,ST FRANCIS HOSPITAL,100 PORT WASHINGTON BLVD,WEST ISLIP,NY,117953105,40.7058564,-73.3077301,5165626000,0.0,79
307f34ce-7be9-3723-b08b-3c6912f63d89,COLUMBIA MEMORIAL HOSPITAL,71 PROSPECT AVE,WEST COXSACKIE,NY,121921300,42.3606399,-73.8167921,5188288070,0.0,107
2321ad07-74fd-3729-9d8c-f22b7a4eb644,FAITH HOPE LOVE MEDICAL CARE PC,14226 37TH AVE,NEW YORK,NY,100135540,40.7522028,-73.9260922,5087892707,0.0,55
05e9d81e-c262-3697-8fda-5e1e36f2f587,THE PINES AT CATSKILL CENTER FOR NURSING & REHAB,154 JEFFERSON HEIGHTS,CATSKILL,NY,124141215,42.2339766,-73.8823515,5189435151,0.0,3
9cce631d-2cfd-3a43-968b-47a0a0a00251,NEWARK WAYNE COMMUNITY HOSPITAL,1200 DRIVING PARK AVE,NEWARK,NY,145131066,43.06067605,-77.10176529428927,3153322022,0.0,17
e16fb9da-8c07-3807-ac65-1cbc71b44f64,PATCHOGUE URGENT CARE PC,152 N OCEAN AVE,PATCHOGUE,NY,117722004,40.7684853,-73.01537370825243,6317301189,0.0,5
b2b940c3-17f1-305c-9b52-6a35d1487360,LAWRENCE HOME CARE OF WESTCHESTER,670 WHITE PLAINS ROAD   SUITE 213,SCARSDALE,NY,105835024,40.964521,-73.748235,9147876158,0.0,3
82764818-2667-3947-b461-57f89657ebdc,SHORE VIEW NURSING  & REHABILITATION CENTER,2865 BRIGHTON 3RD STREET,BROOKLYN,NY,112356762,40.58139305,-73.96537379073294,7188914400,0.0,6
94859652-64fa-3675-99f1-829a54ab66a7,ST MARY'S HOME CARE,5 DAKOTA DRIVE   SUITE 200,NEW HYDE PARK,NY,110421109,40.76200345,-73.6907330590347,5164719300,0.0,25
c2d2a4ac-6db7-3221-be33-6dc696e123f9,OPTIMUM FAMILY MEDICINE PC,675 NEREID AVE,BRONX,NY,104701514,40.89899565,-73.85514345,3472029545,0.0,32
4c773b90-fad5-3d07-8d42-117df26a7731,MAIMONIDES MEDICAL CENTER,920 48TH ST,BROOKLYN,NY,112192916,40.640305,-73.99972953838719,7182838958,0.0,106
9862a215-6d26-38cf-a06a-0d46b2efefac,ROCKAWAY CARE CENTER,353 BEACH 48TH STREET,FAR ROCKAWAY,NY,116911120,40.6053825,-73.7551326,7184715000,0.0,19
7296fe0a-9c17-3925-8f81-c2f90e2dbf07,PARKER JEWISH INSTITUTE FOR HEALTH CARE AND REHABILITATION,27111 76TH AVE,NEW HYDE PARK,NY,110401436,40.7352157,-73.6883239,7182892100,0.0,1
5381a8a3-cf2c-3eb1-911c-faa7914f7b09,LONG ISLAND JEWISH MEDICAL CENTER,270-05 76 AVE,NEW HYDE PARK,NY,110401402,40.7352157,-73.6883239,5168766000,0.0,279
9fdbe972-0e18-31ee-81c1-930464000395,Buffalo Vet Center,2372 Sweet Home Road,Amherst,NY,14228,43.024666,-78.79905,716-862-7350 Or 716-862-7350,0.0,436
0089d57b-acde-315a-a749-4794fcb536ec,HARLEM CENTER FOR NURSING AND REHABILITATION LLC,30 W 138TH ST,NEW YORK,NY,100371710,40.8150164,-73.93754420344226,2126907400,0.0,1
bfa77d16-2932-333e-8e23-648eb96563bb,MS FAMILY MEDICINE HEALTH CARE  PC,241-08 140TH AVE,ROSEDALE,NY,114222022,40.6620479,-73.7354097,7189490146,0.0,58
72ae903a-9daa-3750-9771-273b22094430,PARKVIEW CARE AND REHABILITATION CENTER INC,5353 MERRICK RD,MASSAPEQUA,NY,117586209,40.668196949999995,-73.43920395473307,5167981800,0.0,2
3d4786b9-470b-3ffb-be08-73f0a807100f,RJ MEDICAL & URGENT CARE PLLC,464 BAY RIDGE AVE STE A,BROOKLYN,NY,112205906,40.6336848,-74.021799,7186806006,0.0,1
6f653dc7-63ed-3275-8e60-467baa3df431,VILLAGECARE HOME CARE  (CLOSED),154 CHRISTOPHER STREET  2ND FLOOR,NEW YORK,NY,100142840,40.732538,-74.008771,2124024501,0.0,133
83cf0a70-131b-3215-8809-63bb9cd1ce74,MANHATTAN PSYCHIATRIC CENTER,WARDS ISLAND,NEW YORK,NY,100356000,40.7876012,-73.9254149,2123690500,0.0,112
3d1d0cc9-7803-3e83-9b8f-d86e03484789,ST VINCENT DE PAUL RESIDENCE,900 INTERVALE AVENUE,BRONX,NY,104594240,40.819035,-73.896044,9176459201,0.0,2
4d713f5b-277b-3fc9-b6f2-85735bb7671a,KINDRED AT HOME  (WESTBURY),865 MERRICK AVENUE  3RD FLOOR,WESTBURY,NY,115906695,40.7450874,-73.5874912,5167468013,0.0,3
9f0591f7-efe2-31c4-b5f5-befa4a026070,LONG ISLAND COMMUNITY HOSPITAL HOME CARE,103 WEST MAIN STREET,PATCHOGUE,NY,117723003,40.76593373684211,-73.01761142105264,6317583600,0.0,4
eada8f09-8422-3926-962d-739edf0505f9,WOODHULL HOSPITAL AND MEDICAL,760 BROADWAY,BROOKLYN,NY,112065317,40.69933555,-73.94274707573489,7189637470,0.0,45
c3fdf07c-4ba2-301b-8291-7e279679c67c,ACACIA FAMILY HEALTH NP PLLC,702 DAVISON RD,LOCKPORT,NY,140945371,43.158296,-78.66513724754903,7165149355,0.0,34
24698115-e5ca-3019-a207-85edb8047ec5,GOOD SAMARITAN HOSPITAL MEDICAL CENTER,1000 MONTAUK HWY,WEST ISLIP,NY,117954927,40.6940058,-73.29434147913297,6313763000,0.0,139
a9369342-6336-3789-a0a9-38d151938fe8,ALBANY MEDICAL CENTER HOSPITAL,43 NEW SCOTLAND AVE,ALBANY,NY,122083412,42.653810500000006,-73.77695851652038,6626274768,0.0,111
4d67bd07-90ee-3bbc-828f-7638b19d642a,PHYSICIANS MEDICAL CARE  P.C.,820 JERICHO TPKE,NEW HYDE PARK,NY,110404514,40.7320755,-73.6865197,5163520430,0.0,98
a75bc5a7-4318-3f53-a8a0-463ab7771d3b,SOUTH BROOKLYN MEDICAL CARE PC,2705 MERMAID AVE,BROOKLYN,NY,112242005,40.5757797,-73.9935751,7182652222,0.0,50
33649cb1-3fd0-343a-870e-7d2945e9e7dc,SAMARITAN HOSPITAL OF TROY NEW YORK,2215 BURDETT AVE,TROY,NY,121803478,42.733563849999996,-73.67251181636921,5182713300,0.0,53
491bb556-e98e-3535-bdf7-55a7abb42f49,BY WOUND CARE INTERNAL MEDICINE P.C.,34 S BROADWAY STE 114,WHITE PLAINS,NY,106014607,41.03153925,-73.76142906148559,9144225712,0.0,37
2a2f13a1-029c-329a-8c58-eb367c4904c7,DIGESTIVE DISEASE MEDICAL CARE OF NY P.C.,1616 VOORHIES AVE,BROOKLYN,NY,112302834,40.585581950000005,-73.95233622419786,7183325678,0.0,32
ffd68726-932b-35be-8aaf-89a901238156,THROGS NECK URGENT MEDICAL CARE PLLC,3594 E TREMONT AVE,BRONX,NY,104652032,40.8288327,-73.82497473801035,7186843939,0.0,2
b6055555-2107-3925-b1ef-5c460a31c12d,ELDERWOOD AT AMHERST,4459 BAILEY AVE,AMHERST,NY,142262129,42.9770729,-78.8129721,7168352543,0.0,8
24f3948f-92aa-3d1f-a995-d9851a4fa7f2,NEWYORK-PRESBYTERIAN-QUEENS,56-45 MAIN STREET,JAMAICA,NY,114353109,40.7029134,-73.8006429,7186701231,0.0,142
868e24ae-f798-3bc0-8105-cd50b27dce75,HUDSON VALLEY PRIMARY MEDICAL CARE,1323 ROUTE 9,WAPPINGERS FALLS,NY,125904977,41.5965635,-73.9112103,8452987022,0.0,48
4e3f3116-aaa0-3281-a19e-32560a8119d2,SEMAJ HEALTH AND WELLNESS LLC,120 LAVAN ST STE 1,HARRISON,NY,105281613,40.9689871,-73.71263,4018086421,0.0,40
d504ff54-bb32-3ec8-84b6-6d8fcd260793,PEOPLE HOME HEALTH SVS CHHA,1219 NORTH FOREST RD,WILLIAMSVILLE,NY,142213230,42.9637836,-78.7377258,7168745600,0.0,78
f2817dff-c11d-38a4-8dcd-d302a0da99fe,NEW BEGINNINGS HEALTHCARE PLLC,24 N 7TH ST,NEW YORK,NY,100275404,40.7203145,-73.9618545,2019256300,0.0,3
d1b919f4-21d0-3166-88dc-db0561bd83ed,THE RYAN WOMEN AND CHILDRENS CENTER,801 AMSTERDAM AVENUE,NEW YORK,NY,100255752,40.6612839,-73.8131004,2127491820,0.0,8
7817d202-f222-3240-a105-788a9a60455e,ASTORIA URGENT MEDICAL CARE  PLLC,3274 STEINWAY ST FL 1,ASTORIA,NY,111034006,40.7720145,-73.9302673,7187210101,0.0,2
3a697ade-c7a1-3b5d-a4a8-5bfcc8b2cb05,WHITNEY M YOUNG JR HEALTH CTR - TROY,6 102ND STREET,TROY,NY,121801152,42.75616195,-73.68172155787859,5188336900,0.0,6
3f388c22-a5fb-3530-9f73-6f3872a53ab9,DIAMOND HILL NURSING AND REHABILITATION CENTER,1818 COMO PARK BLVD,LANCASTER,NY,140862824,42.8936568,-78.6848105,7166836165,0.0,1
d6dbafc3-e773-3719-9852-8a8e1d902ba5,FOUR WINDS  INC.,800 CROSS RIVER RD,KATONAH,NY,105363549,41.2661141,-73.6207032,9147638151,0.0,1
9439c35c-fab9-35eb-a861-b680b6c77024,JACOBI MEDICAL CENTER,1400 PELHAM PARKWAY SOUTH,BRONX,NY,104672410,40.8545669,-73.84585054557537,7189185000,0.0,62
442b6e5a-74be-38c2-8fa0-32a90faadc6d,SHINING LIGHT FAMILY HEALTH NP PC,1030 SHERIDAN AVE,BRONX,NY,104566100,40.8299467,-73.91893670127148,5169711824,0.0,52
77142dcc-5fff-3e9b-abb2-3fe3f97c0a45,CHELSEA COLLABORATIVE MEDICAL CARE  PLLC,314 W 14TH ST,NEW YORK,NY,100145002,40.739871199999996,-74.0035169210872,2126200144,0.0,102
a924c0d1-6024-3f38-8e9c-0a03f3b6aca5,ST. MARY'S HEALTHCARE,427 GUY PARK AVE,NORTHVILLE,NY,12134,40.9700994,-72.6189819,5188417407,0.0,44
6e837e35-27b2-36cd-942f-fdc14be9589d,ELLIS HOSPITAL,1101 NOTT ST,SCHENECTADY,NY,123082425,42.820213249999995,-73.91646093090648,5182431916,0.0,13
fba0ceba-b9b6-339d-b806-bcef67afa406,ROCHESTER GENERAL HOSPITAL,1425 PORTLAND AVE,ROCHESTER,NY,146213001,43.1932249,-77.58638,5859224000,0.0,47
5a6ffcb5-9eff-348d-8da3-12e2b8a3f60b,REGO PARK NURSING HOME,111 26 CORONA AVENUE,FLUSHING,NY,113684027,40.7654301,-73.8174291,7185926400,0.0,5
f19ec746-7664-37ee-8164-0b858b758047,URGENT CARE PHYSICIAN OF NEW YORK-HARTSDALE PLLC,843 HUTCHINSON RIVER PKWY,NANUET,NY,109542208,41.0903087,-74.0148524,7189254400,0.0,1
91ce0760-d028-3e0f-ab22-17cc23334533,ABSOLUT CTR FOR NURSING & REHAB GASPORT L L C,4540 LINCOLN DRIVE,GASPORT,NY,140679212,43.19336745,-78.57399925020313,7167722631,0.0,7
716419cf-da5f-3361-823f-91d9bbde9e0f,DOC MYRIA'S FAMILY MEDICINE PLLC,571 STATE ROUTE 143,WESTERLO,NY,121932700,42.5150785,-74.0454099,5187973238,0.0,33
1f10c93f-d6b4-3af5-9841-072cd2605292,NORTH SHORE LIJ URGENT CARE PC,265 SUNRISE HWY STE 20,YORKTOWN HEIGHTS,NY,10598,41.2709274,-73.7776336,5163214967,0.0,2
06d993ea-83f1-3cf1-ac4c-a69bac565876,THE BROOKLYN HOSPITAL CENTER,121 DEKALB AVE,BROOKLYN,NY,112496620,40.6905444,-73.97793280375983,7184883736,0.0,106
8f1d1ae8-9dbe-3923-9f29-deaaccfe0c4c,URGENT CARE NEW YORK PC,40 S MAIN ST STE 1300,NEW YORK,NY,100226630,42.6527286,-73.9284131,9014227610,0.0,1
5b85cc93-6f27-337d-88e8-f8d8dbac453a,NEW YORK GRACIE SQUARE HOSPITAL INC,420 E 76TH ST,NEW YORK,NY,100213396,40.7697091,-73.9529748,2124345300,0.0,12
31e4b654-8e61-3bba-887d-a8ba7f64fbba,MEACHAM MEDICAL CARE PC,374 MEACHAM AVE,ELMONT,NY,110033221,40.697748,-73.6911995,5165992383,0.0,57
d8c276ce-a11c-3452-b0f3-7954ef9c4792,TOTAL WELLNESS & MEDICAL HEALTH PC,717 FRONT ST,HEMPSTEAD,NY,115504534,40.7096226,-73.60596385,5165654370,0.0,31
4be780a2-ed22-3087-a9bb-1e5969123519,THE SHORE WINDS  LLC.,425 BEACH AVE,ROCHESTER,NY,146122011,43.2611453,-77.6157711,5856630930,0.0,3
74bfe7ce-9c24-3a1d-b2f2-53f3886098ad,UNIVERSITY MEDICAL CARE  PC,2500 NESCONSET HWY,STONY BROOK,NY,117902563,40.8782607,-73.1158200724622,6312466018,0.0,26
7378c837-2c46-3a0b-aa0f-d92d1031ef35,LINCOLN MEDICAL & MENTAL HEALTH CENTER,234 EAST 149TH STREET,BRONX,NY,104515504,40.81703305,-73.92437016189787,7185795000,0.0,143
d812c413-48b4-3c95-8aa1-ac59ec9adc37,VA Western New York Healthcare System at Buffalo,3495 Bailey Avenue,Buffalo,NY,14215,42.953728,-78.813774,716-834-9200 Or 800-532-8387,0.0,78
46d3e80e-d020-3572-83f3-574efa6053bd,NYU LANGONE HOSPITALS,550 1ST AVE,NEW YORK,NY,100166402,40.74207345000001,-73.97433663105951,2122631481,0.0,163
93ef44de-01f9-3805-a0b9-96f1cfa60029,WYCKOFF HEIGHTS MEDICAL CENTER,374 STOCKHOLM STREET,BROOKLYN,NY,112374512,40.704144150000005,-73.91770759237289,7189637272,0.0,443
0038ecfd-65e9-3673-8de7-0799549b0ccb,WHITNEY M YOUNG JR HEALTH CENTER INC,274 S PEARL ST,ALBANY,NY,122021829,42.64149203191713,-73.7568672810386,5184756723,0.0,36
e102a2aa-5a26-3f27-9752-6bba82d4ae61,DOCTOR URGENT MEDICAL CARE PLLC,538 EAST FORDHAM ROAD,BRONX,NY,104585015,40.859249000000005,-73.88706719999999,(347) 334-3499,0.0,4
6cf957df-64be-315d-adbd-5600f12089c7,LONG ISLAND JEWISH MEDICAL CENTER,26901 76TH AVE,NEW HYDE PARK,NY,110401433,40.7352157,-73.6883239,7184703000,0.0,41
72a6d971-926a-3f8b-bcbc-9518836a2ae1,SOUTH SHORE FAMILY PRACTICE DO PC,616 BROADWAY,VALLEY STREAM,NY,115805418,40.669682,-73.725897,5167958446,0.0,80
7acfb846-83d0-3699-a16a-dfc8b533f898,CITY MEDICAL HEALTHCARE ASSOCIATES PLLC,3410 BROADWAY,NEW YORK,NY,100317408,40.8220109,-73.9533065,2122832099,0.0,34
ff2f4edb-fd6f-303e-8f61-a2b26296639e,DREAM MEDICAL CARE  PC,10311 NORTHERN BLVD,CORONA,NY,113681136,40.7469593,-73.8601456,7182050500,0.0,28
4795614b-6e42-3618-b99b-970d3f70b7a3,BUSHWICK CENTER FOR REHABILITATION AND HEALTH CARE,50 SHEFFIELD AVENUE,BROOKLYN,NY,112072420,40.6764064,-73.89831838439326,7183452273,0.0,3
507e84d0-0c96-3efc-aa61-b81232ec861e,SOUTH BEACH PSYCHIATRIC CENTER,777 SEAVIEW AVE,STATEN ISLAND,NY,103053409,40.582439449999995,-74.0795787497707,7186672300,0.0,81
ca99a0d8-7d5a-3605-8770-9a32f4be586e,NEW YORK DOCTORS URGENT CARE PLLC,65 W 13TH ST,NEW YORK,NY,100117908,40.73683565,-73.9968085760219,8455653700,0.0,15
5e43d3e7-70fe-323a-b4a9-45e0112bf6a7,SAINT MARYS HOSPITAL FOR CHILDREN INC,2901 216TH ST,BAYSIDE,NY,113602810,40.7684351,-73.7770774,7182818800,0.0,1
6b4e4e38-074e-3051-9956-2025cc44be83,GOLDBERG URGENT CARE PHYSICIAN PLLC,2960 VICTORY BLVD,STATEN ISLAND,NY,103146605,40.6071029,-74.1611878,8455653700,0.0,3
bfc6f556-7201-33f8-b599-73859033e588,NORTH SHORE LIJ MEDICAL GROUP URGENT MEDICAL CARE  P.C,145 COMMUNITY DR,MASSAPEQUA PARK,NY,117623728,40.6803785,-73.4551241,6503877575,0.0,3
be75ab26-06cf-3fa6-a116-8b57fd79a399,MAIMONIDES MEDICAL CENTER MMC MIDWIFERY,6208 4TH AVE,BROOKLYN,NY,112204616,40.6396367,-74.02014975519434,7182838867,0.0,32
5330f6a7-b456-3228-afa6-2660d6d4145c,FLOWER CITY FAST CARE URGENT MEDICAL PLLC,1724 E RIDGE RD,ROCHESTER,NY,146222157,43.2010464,-77.5715257,5854677007,0.0,3
287fa6b6-82d7-3283-97c1-1c5559d53e11,JOHN T MATHER MEMORIAL HOSP T C U,75 NORTH COUNTRY ROAD,PORT JEFFERSON STATION,NY,117762061,40.925939,-73.065185,6314731320,0.0,2
fe61f80c-951c-3dfb-8704-ae1da96fef2e,JILL P. ALTMAN  M.D.  P.C.,16 GUION PL,NEW ROCHELLE,NY,108015502,40.913143649999995,-73.78805933427125,9146371197,0.0,31
8f33c306-f8e6-391e-a53f-bf631bf77ea1,CONEY ISLAND HOSPITAL CENTER,2601 OCEAN PARKWAY,BROOKLYN,NY,112357745,40.58590745,-73.9648639122927,7186163000,0.0,187
2e175754-4e25-3da2-8fc0-cb58d6d6b9c3,BRIDGES URGENT CARE PLLC,61 E 86TH ST,SUNNYSIDE,NY,111041660,40.7398242,-73.9354153,6467154080,0.0,10
767abec6-ce06-3b98-a9de-3a3dbb1c06d3,MONTEFIORE NEW ROCHELLE HOSPITAL,16 GUION PLACE,NEW ROCHELLE,NY,108015502,40.913143649999995,-73.78805933427125,9146325000,0.0,1
c96d6792-27a3-3ef4-83f2-bb68e71023df,EASTERN NIAGARA HOSPITAL - LOCKPORT DIVISION,521 EAST AVE,LOCKPORT,NY,140946340,43.17766005,-78.67141650070491,7165145501,0.0,142
bed67172-e8f5-324a-a2a2-74d1b2197948,BRONX URGENT CARE PC,1733 E 174TH ST,BRONX,NY,104721801,40.83480925,-73.870278,7189942273,0.0,1
ce9a06c0-9111-3924-bcf8-68a1d5f4e0f7,ISLAND FAMILY MEDICINE PC,20 UNQUA RD,MASSAPEQUA,NY,117586727,40.666909000000004,-73.43942873567408,5167999700,0.0,68
364a72af-1879-3a00-a1be-22a97b2f741c,EPISCOPAL HEALTH SERVICES INC,327 BEACH 19TH ST,FAR ROCKAWAY,NY,116914423,40.598089333333334,-73.75304149494949,7188697000,0.0,14
6b75a28f-f3c6-3921-aa78-cc3003f79f63,WILLIAMSVILLE SUBURBAN  LLC,193 S UNION RD,WILLIAMSVILLE,NY,142216531,42.9556755,-78.7555945,7166332961,0.0,5
8579a94b-a015-35cf-be57-3b2bd500f785,KHOURY MEDICAL CARE PC,670 92ND ST,BROOKLYN,NY,112355802,40.61510835,-74.02442184216628,7188338777,0.0,42
08272bc9-d83d-328c-94fe-62067dcf0b01,LONG BEACH NURSING AND REHABILITATION CENTER,375 EAST BAY DRIVE,LONG BEACH,NY,115612350,40.5943969,-73.65343135128211,5168971220,0.0,3
b8b7bf8b-b60f-3b07-8117-b4b17363e4ca,NEW YORK EYE & EAR INFIRMARY,310 EAST 14TH STREET,NEW YORK,NY,100105615,40.7318799,-73.9845807,2129794000,0.0,12
0adc71cd-f10f-35ca-b0a3-455b580ac1ca,CORTES MEDICAL CARE PC,124 BAY RIDGE AVE,BROOKLYN,NY,112205109,40.6371877,-74.0311331,7188362199,0.0,27
9236d71b-bd2b-3ffc-b3b3-94f937e2919a,MODERN FAMILY MEDICINE PC,258 W MAIN ST,BABYLON,NY,117023025,40.694223300000004,-73.33041100355027,6315179170,0.0,34
3cb2baa5-415d-3a1e-8ea2-1d005ad3700a,MANCHESTER MANOR,385 W CENTER ST,MANCHESTER,NY,060404738,42.9694241,-77.2296711,8606477828,0.0,3
548c1477-d86e-336b-9c92-754ce4faf476,WESTCHESTER COUNTY HEALTH CARE CORPORATION,95 GRASSLANDS RD BLDG TCC RM M202,VALHALLA,NY,105951530,41.0748189,-73.7751326,9144932803,0.0,27
2378ee33-4c1f-35c2-a190-70048c5eb9ee,NORWEGIAN CHRISTIAN HOME AND HEALTH CENTER,1250 67TH ST,BROOKLYN,NY,112195921,40.62494635,-74.00425035142203,7182322322,0.0,2
19132daf-253a-3c30-b3a9-52d4b7136461,VILLAGE HEALTH FAMILY NP PLLC,4 JOHN CALVIN DR,BLAUVELT,NY,109131001,41.0777316,-73.9607938,7728342444,0.0,34
d7b28072-1a43-359e-b863-09dd87d933d9,ST. JOHN'S RIVERSIDE HOSPITAL HS,967 N BROADWAY,YONKERS,NY,107033402,40.9689291,-73.88658910717797,9149644444,0.0,19
e64207ba-0d19-3a1f-b4bd-e5571b831dd3,HEWLETT URGENT CARE PLLC,1220 PENINSULA BLVD,HEWLETT,NY,115571224,40.6431576,-73.7064256,5168584410,0.0,19
85a162f0-eeca-3643-85c8-62b85404ee89,SALEM ACQUISITION I LLC,539 ROUTE 22,PURDYS,NY,105782900,41.3259276,-73.6551292,9142773691,0.0,1
9cb0358b-494a-30fe-89bd-0d8254bf3e70,EXCEL URGENT CARE OF NHP PLLC,900 HILLSIDE AVE,NEW HYDE PARK,NY,110402522,40.74311055,-73.69320323593962,5165198400,0.0,16
cd3e55bf-fca8-3604-a54a-a49e2776d937,REFUAH HEALTH CENTER INC,728 N MAIN ST,SPRING VALLEY,NY,109778916,41.1395666,-74.034752,8453549300,0.0,54
62363956-e9f3-3d17-9ab3-0ad53ce909f7,EXTENDED HOME CARE,7 PENN PLAZA  SUITE 422,STATEN ISLAND,NY,103143424,40.5834557,-74.1496048,2125639639,0.0,6
923b3c5c-7489-3a1e-acda-5e7a1dca110d,PUTNAM HOSPITAL CENTER,670 STONELEIGH AVE,CARMEL,NY,105123997,41.383330799999996,-73.66326592014948,8452795711,0.0,102
cea0493a-86ea-310c-99fa-9a152478afc5,SOUTH SHORE UNIVERSITY HOSPITAL,301 E MAIN ST,RIVERHEAD,NY,119012154,40.917856,-72.658521,6319683001,0.0,70
a7bbae9d-9509-38db-88f1-b3cb8dafd838,THE NEW YORK AND PRESBYTERIAN HOSPITAL,525 E 68TH ST,NEW YORK,NY,100654870,40.7647523,-73.9549121,2127465454,0.0,185
f6a5e7ae-61f7-345d-8d2a-7696e7a143e1,LANCASTER PRIMARY CARE MEDICAL PLLC,5007 TRANSIT RD,DEPEW,NY,140434617,42.915399,-78.696903,7166505516,0.0,52
cd39dcfd-64b0-386c-b1e5-39ae877f660a,STATE OF NEW YORK COMPTROLLERS OFFICE,97 AMITY ST,NEW YORK,NY,100657216,40.6897291,-73.9974382,7187801070,0.0,134
39f4009d-0cfe-3554-be95-870d7905b7eb,INTERNAL MEDICINE OF THROGGS NECK,3713 EAST TREMONT AVENUE,BRONX,NY,104696016,40.82671507142857,-73.82212332142858,7188224262,0.0,38
c22e7242-a14a-3ca0-bcba-c9166866994f,SYRACUSE COMMUNITY HEALTH CENTER,819 S SALINA ST,SYRACUSE,NY,132023527,43.0399802,-76.1499522,3154767921,0.0,6
dfd36227-1180-32db-9dd2-d884fd780555,MERCY MEDICAL CARE PC,273 94TH STREET,BROOKLYN,NY,112096807,40.6181749,-74.0337231,7186305552,0.0,28
e665d75e-e01d-3b5f-943e-a6347280086d,MEMORIAL HOSPITAL FOR CANCER AND ALLIED DISEASES,1275 YORK AVE,WEST HARRISON,NY,106043200,41.04306735,-73.74790193583388,2126392000,0.0,72
ca70e15d-fe6f-33ff-ad23-5af4d235459a,CARE FOR THE HOMELESS,1 WARDS IS,NEW YORK,NY,100356002,40.507618,-74.254743,2125343866,0.0,28
86a5cc85-78ed-3f28-813c-c04a3e3d90cb,ELMHURST CARE CENTER INC,100 17  23RD AVENUE,EAST ELMHURST,NY,113691305,40.7612123,-73.8651358,7182058100,0.0,24
6e8b08fe-c746-3a5d-a11a-388cd17cd24d,CREEDMOOR PSYCHIATRIC CENTER,7925 WINCHESTER BLVD,QUEENS VILLAGE,NY,114272199,40.7267692,-73.7415208,7184647500,0.0,16
49e4d15a-667a-3465-83aa-c0f2d16143aa,BRYLIN HOSPITALS  INC,1263 DELAWARE AVE,BUFFALO,NY,142092402,42.9183625,-78.8677919,7168868200,0.0,51
775fd387-94cb-3058-adc1-871f8aef9045,COMPLETE MEDICAL HEALTHCARE  PC,281 WHITE PLAINS RD,EASTCHESTER,NY,107094407,40.948995,-73.818371,7193675900,0.0,22
f0932449-294a-34e2-b193-047b5014630c,MARY MANNING WALSH NURSING HOME CO INC,1339 YORK AVENUE,NEW YORK,NY,100214707,40.76664685,-73.95430723764304,2126282800,0.0,1
213242fe-37b2-35bf-9370-0b5dda73832d,ENLOE MEDICAL CENTER,1600 ESPLANADE,NEW YORK,NY,100165496,40.855734,-73.8587136,5303327300,0.0,51
270abbe9-5d16-3801-b738-0189aa718364,SUNRISE MANOR CTR FOR NURSING AND REHABILITATION,1325 BRENTWOOD ROAD,BAY SHORE,NY,117065704,40.7403683,-73.23876782540978,6316654960,0.0,15
b11086bc-0485-3815-bcd0-f606c1ad54c7,BELAIR CARE CENTER INC,2478 JERUSALEM AVE,NORTH BELLMORE,NY,117101827,40.69062065,-73.54006400444483,5168261160,0.0,8
d46696f4-761c-3003-9496-7bcb71891d3c,R S FAMILY EYE MEDICAL CARE PC,9732 63RD RD,REGO PARK,NY,113741639,40.7301866,-73.8622877,3477304606,0.0,33
acb562d4-ddfe-335f-9cb9-265736af77f0,OUR LADY OF CONSOLATION CARE CENTER,111 BEACH DR,WEST ISLIP,NY,117954929,40.6897236,-73.2931224,6315871600,0.0,1
85b02e59-60c1-3792-a981-016604f1f578,PILGRIM PSYCHIATRIC CENTER,998 CROOKED HILL ROAD,WEST BRENTWOOD,NY,117171019,40.79335155,-73.28734265732163,6317613500,0.0,121
5affa296-cdee-3da4-859e-62bf4f3e318b,GOOD SAMARITAN HOSPITAL MEDICAL CENTER,1000 MONTAUK HWY,WEST ISLIP,NY,117954958,40.6940058,-73.29434147913297,6313764027,0.0,58
689ee1d2-9336-39b4-8cd8-32c2ad8753c3,AG URGENT CARE PC,1349 BROADWAY,NEW YORK,NY,100401069,42.6753678,-73.7359234,7189752270,0.0,5
15b189f5-43f1-3186-9fc0-c34538724eaa,NOOR MEDICAL CARE PLLC,1036 COMMACK RD,DIX HILLS,NY,117468210,40.797804549999995,-73.29625159742255,6319407017,0.0,99
126bd56d-a275-3812-abe9-d3abd2f89a80,MERCY HOSPITAL OF BUFFALO,565 ABBOTT RD,BUFFALO,NY,142202039,42.8479879,-78.8131723760595,7168267000,0.0,38
2a4b4916-3771-31e8-8f24-d411de4b1c8c,NENA HEALTH COUNCIL,279 E 3RD STREET,NEW YORK,NY,100097813,40.6451766,-73.9776179,2124778500,0.0,9
b28bcc68-0b8d-3c90-9f42-1a3aeba28494,ST MARYS CENTER INC,516 WEST 126TH STREET,NEW YORK,NY,100272046,40.814527,-73.95641144450033,2126621826,0.0,5
0db48f39-2513-3681-a517-54492420b467,FOREST VIEW CENTER FOR REHABILITATION & NURSING,71 20 110TH STREET,FOREST HILLS,NY,113754844,40.7195942,-73.8448553,7187933200,0.0,4
e8a9c742-3e53-3156-83c7-7d1dae4a2091,WYNANTSKILL FAMILY PRACTICE P.C.,9 W SAND LAKE RD,WYNANTSKILL,NY,121987954,42.691773850000004,-73.63550231603648,5182831974,0.0,39
04377685-ec5f-36b2-badc-893cabfd4172,EASTSIDE MEDICAL CARE PLLC,205 EAST 76TH STREET,NEW YORK,NY,100215422,40.772321250000005,-73.95814635461744,2124724802,0.0,25
8ee8f87d-3c37-3844-99f7-6819d8569085,AM PM MEDICAL URGENT CARE SERVICES PLLC,1641 3RD AVE,NEW YORK,NY,100191859,40.7823306,-73.9510236,7187340000,0.0,9
c42dabd9-b8b7-3501-942e-6f4e9570a026,MOUNT SINAI HOSPITAL,1 GUSTAVE L LEVY PL,NEW YORK,NY,100296574,40.7127281,-74.0060152,2122562904,0.0,56
71b8d64c-ad0e-3418-aba1-b1d7f4d32729,NEW YORK COMMUNITY HOSPITAL OF BROOKLYN INC,2525 KINGS HWY,BROOKLYN,NY,112291705,40.61388355,-73.94856116290916,7186925385,0.0,99
c8a53647-0ee1-3166-b950-54a946eb720f,FIVE STAR URGENT CARE BIG FLATS MEDICAL PLLC,830 COUNTY ROAD 64,SYRACUSE,NY,132192008,43.0481221,-76.1474244,6078462030,0.0,1
20b352d2-0c31-34d6-88f3-da23efe04a88,HBL SNF  LLC,120 CHURCH ST,WHITE PLAINS,NY,106011209,41.0352923,-73.7675408,9143509010,0.0,1
84441a76-a410-31ab-aa0d-ea29617b0894,URGENT HEALTH MEDICAL CARE PC,981 HAMPSHIRE RD,BAY SHORE,NY,117067627,40.713824,-73.27639842812107,6312457425,0.0,3
42589bd7-9260-3473-bd64-e1c2988af940,NYU LANGONE HOSPITALS,550 1ST AVE,NEW YORK,NY,100166402,40.74207345000001,-73.97433663105951,2122631481,0.0,68
00729029-3fb5-32ff-b7b4-cf511379c64a,GLENDALE FAMILY MEDICINE PC,7801 MYRTLE AVE,GLENDALE,NY,113857439,40.702001,-73.880077,7183868300,0.0,34
f99df3e7-ee46-3061-b98e-716a9da49a12,SUFFOLK CENTER RECEIVER LLC,25 SCHOENFELD BLVD,PATCHOGUE,NY,117722982,40.7656539,-73.0151084,6312897700,0.0,2
afd2a2ac-2e80-36ca-8168-9c55912e5e28,BRONX PSYCHIATRIC CENTER,1500 WATERS PLACE,BRONX,NY,104612723,40.8465453,-73.8399746,7189310600,0.0,288
44c053a9-5fac-3525-be4f-fd08a00f3e77,PUTNAM HOSPITAL CENTER,670 STONELEIGH AVENUE,YORKTOWN HEIGHTS,NY,105981832,41.2709274,-73.7776336,9142795711,0.0,8
938f2367-2d0e-3a7f-9cbb-45adbca175f6,HOLLIS PARK MANOR NURSING HOME,191 06 HILLSIDE AVENUE,HOLLIS,NY,114231942,40.715836499999995,-73.77064711687868,7184791010,0.0,1
c137da51-171e-3e73-af60-c700db1e1071,ST. LUKES ROOSEVELT HOSPITAL CENTER,1000 10TH AVE,NEW YORK,NY,10031,40.769709649999996,-73.98689921521438,2125234000,0.0,37
f370f432-960b-3251-a465-89dc96d6f4db,VA Western New York Healthcare System,3495 Bailey Avenue,Buffalo,NY,14215,42.953728,-78.813774,716-834-9200 Or 800-532-8387,0.0,140
c6403808-faa1-326a-92b7-58a25c8a537e,HOSPICE BUFFALO  INC.,225 COMO PARK BLVD,CHEEKTOWAGA,NY,142271443,42.8930211,-78.7484279,7166861900,0.0,3
06591f99-9591-3e20-b6c4-35a318e7cc71,INNOVATIVE MEDICAL HEALTHCARE PC,25020 HILLSIDE AVE,BROOKLYN,NY,112291705,40.6530045,-73.9838379,7183430474,0.0,40
86f1e9ca-90b9-3c48-966a-c83513861ad1,GLORYLAND NURSE PRACTITIONER IN FAMILY HEALTH PC,6226 BURCHELL RD,ARVERNE,NY,116921343,40.59668069387755,-73.79175491836735,3474699341,0.0,26
d6cb5a3f-3aaf-34db-af68-7f5c418cb239,EMPIRE URGENT CARE PLLC,871 E TREMONT AVE,BRONX,NY,104604207,40.84297542857143,-73.88599728571428,7187016633,0.0,1
1db3e1cd-7861-3e25-b5a1-3c44a064b50e,JOSEPH P. ADDABBO FAMILY HEALTH CENTER  INC.,6200 BEACH CHANNEL DRIVE,FAR ROCKAWAY,NY,116913909,40.6040336,-73.7558526,7189457150,0.0,43
50eee34f-6cd7-3350-ae08-2fcf0e79f2dc,ARISE CHILD AND FAMILY SERVICE INC,635 JAMES ST,SYRACUSE,NY,132032226,43.055150999999995,-76.14359354999999,3156712959,0.0,49
ffe115f0-752c-3724-b986-57f9df18078a,BETH ISRAEL MEDICAL CENTER,9 NATHAN D PERLMAN PL,NEW YORK,NY,100033851,40.733434760416664,-73.98298360416666,2124204714,0.0,8
1833b380-8cb7-3d53-9872-f25a57767714,GOOD SHEPHERD HOSPICE,110 BI-COUNTY BLVD.,ROCKVILLE CENTRE,NY,115701000,40.6574186,-73.6450664,6314656300,0.0,1
bef7f47d-76de-31c5-9a84-ef4ea6397fb3,MONTEFIORE MOUNT VERNON HOSPITAL,12 NORTH 7TH AVENUE,MOUNT VERNON,NY,105503004,40.91269165,-73.84024561609573,9146648000,0.0,266
0bafd5a8-e1ed-3b4b-8f15-5d0116c36493,WELLNOW URGENT CARE PC,7375 OSWEGO RD,WEST SENECA,NY,142243339,42.8395833,-78.7541466,7166999032,0.0,408
a9f56ccc-5753-3459-b911-030e3cafd2f8,NEW VANDERBILT REHABILITATION AND CARE CENTER  INC,135 VANDERBILT AVE,STATEN ISLAND,NY,103042604,40.62093335,-74.07626837523583,7184470701,0.0,5
c489b302-7ea5-3231-b0c5-c474eee4909f,VILLAGE CENTER FOR CARE,214 WEST HOUSTON ST,NEW YORK,NY,100144846,40.7285969,-74.0042904,2123379407,0.0,5
1618b217-5ede-349a-8ffd-8cdf11fe90e7,ELMHURST HOSPITAL CENTER,79-01 BROADWAY,ELMHURST,NY,113731329,40.74476995,-73.88564685011681,7183341141,0.0,128
8ffcc191-03f5-3e62-ab80-00c4ac25637b,ROSWELL PARK CANCER INSTITUTE,ELM AND CARLTON ST,WILLIAMSVILLE,NY,142216800,42.9637836,-78.7377258,7168452300,0.0,347
a5e6b9d2-f0fe-30d3-88e6-19c6cde32972,WNY COMMUNITY HEALTH CENTERS INC,135 GRANT STREET,LACKAWANNA,NY,142181504,42.8257735,-78.823648,7168814300,0.0,36
c31dc0b4-b2a5-3550-ad19-41646820ed2b,MOUNT SINAI HOSPITAL,ONE GUSTAVE L LEVY PLACE,NEW YORK,NY,101285604,40.7127281,-74.0060152,2122417981,0.0,177
62eec9f8-5fcb-3c45-a3b9-ae47dda286f9,BORO PARK CENTER FOR REHABILITATION AND HEALTHCARE,4915 10TH AVE,BROOKLYN,NY,112193301,40.63849645,-73.99860465718933,7188513700,0.0,46
8300bfa4-7536-3013-90b2-fc4a5b3d31e5,STAT MEDICAL CARE PC,210 E 86TH ST,NEW YORK,NY,100287727,40.7783751,-73.953329,2127370555,0.0,44
b6c8a21c-88b6-371f-9cc8-11a1d3716a38,GLEN COVE HOSPITAL,101 SAINT ANDREWS LN,GLEN COVE,NY,115422254,40.87056805,-73.62250331749658,5166747300,0.0,90
65488fa7-c0da-38e9-9e88-699d8b1649ba,BRONX HARBOR HEALTH CARE COMPLEX INC,2000 E GUN HILL RD,BRONX,NY,104696016,40.861152,-73.830145,7183200400,0.0,50
4f33ab05-0512-3d02-ab1d-c89c3b2cc030,NYU LANGONE HOSPITALS,550 1ST AVE,STATEN ISLAND,NY,103101337,40.5996157,-74.1504008,2122631481,0.0,89
149ec8a0-b855-3c45-8f96-ac9cffeadfeb,ST CATHERINE OF SIENA MEDICAL CENTER,50 ROUTE 25A,SMITHTOWN,NY,117871398,40.8559314,-73.2006687,6318623000,0.0,35
2961f4a5-c746-39ea-aa30-3df30342f08f,KINDRED AT HOME  (HAUPPAUGE),888 VETERANS MEMORIAL HIGHWAY SUITE 210,RIVERHEAD,NY,119012521,40.9168692,-72.6624189,6312326030,0.0,3
9a742e42-17c8-3faa-a9bd-0976fec19390,BETH ISRAEL MEDICAL CENTER,FIRST AVENUE AND 16TH STREET,NEW YORK,NY,100351641,40.7127281,-74.0060152,2124202000,0.0,16
1ef880bd-0075-3ed3-bfec-4a636f544820,THE KNOLLS,55 GRASSLAND ROAD,VALHALLA,NY,105951655,41.0748189,-73.7751326,9149897800,0.0,4
1b357a02-e812-36fb-9ee5-ce6cb7f7d5db,MIDWAY NURSING HOME  INC.,6995 QUEENS MIDTOWN EXPY,MASPETH,NY,113781922,40.7288859,-73.9088244,7189611212,0.0,2
2c9d0b4e-4b71-30ff-9697-a01a954d39f7,FAMILY CARE CERTIFIED SERVICES CHHA  (BROOKLYN),1414  UTICA  AVENUE   2ND FLOOR,BROOKLYN,NY,112036616,40.6380369,-73.92927072254616,7187457508,0.0,7
30721694-3390-3f48-a696-946a05b94968,MONTEFIORE MEDICAL CENTER,111 E 210TH ST,NEW YORK,NY,100351621,40.8800853,-73.8798439,7189204321,0.0,202
bfddbe47-d185-349d-93cc-59d3fdc5ed08,CARDONE FAMILY OPTOMETRY  PLLC,475 E MAIN ST,PATCHOGUE,NY,117723121,40.7674552,-72.99775986021473,6316542020,0.0,43
1775a229-261f-3196-bd99-3c9fe2522e88,NEW YORK STATE PSYCHIATRIC INSTITUTE,722 W 168TH ST,NEW YORK,NY,100321098,40.8424454,-73.9433492,2125435000,0.0,137
58dfae6b-7a23-3065-ac92-31f0fa167505,SOUTH ISLAND FAMILY MEDICAL LLC,4042A AUSTIN BLVD,ISLAND PARK,NY,115582216,40.5991839,-73.6552592,5166708800,0.0,34
3937e6cf-2ea5-315e-99dd-27fd02f6e9a5,HOSPICE OF NEW YORK  LLC,4518 COURT SQ STE 500,LONG ISLAND CITY,NY,111013433,40.7468366,-73.9432589,7184721999,0.0,3
3dc6ff75-4a4d-32c0-b8a3-f6e26f7997a8,NEW YORK COMMUNITY HOSPITAL OF BROOKLYN INC,2525 KINGS HWY,BROOKLYN,NY,112291705,40.61388355,-73.94856116290916,7186925335,0.0,62
120ea02b-7ba9-3361-8346-22b7368842ee,NYS OFFICE OF MENTAL HEALTH,7403 COMMONWEALTH BLVD,BELLEROSE,NY,114261839,40.727421,-73.718861,7186922543,0.0,14
74186f3f-523b-3157-a8c6-6e104d106cb5,SUTTON PARK CENTER FOR NURSING & REHABILITATION LLC,31 LOCKWOOD AVE,NEW ROCHELLE,NY,108015023,40.91466255,-73.7861729,9145760600,0.0,1
b2837749-e2b9-3fc3-ab70-3820750f4951,TERRACE VIEW LONG TERM CARE FACILITY,462 GRIDER STREET,BUFFALO,NY,142153021,42.9263064,-78.83246089498365,7165517100,0.0,22
d1f6384f-d29a-3a13-a823-b674a4969709,URGENT MEDICAL CARE PLLC,10 GRANDVIEW AVE,CATSKILL,NY,12414,42.2134596,-73.8791,5189439100,0.0,6
07649fd1-c4de-3075-9308-be02b756f191,SOUTHERN WESTCHESTER URGENT CARE,1915-25 CENTRAL PARK AVE,YONKERS,NY,107102949,40.9640175,-73.8395975,9147932273,0.0,1
5173f4ee-c7ee-3538-8572-e2fd2b620b49,JEANNE JUGAN RESIDENCE,2999 SCHURZ AVENUE,BRONX,NY,104653826,40.815263900000005,-73.81333391543981,3473291800,0.0,12
965e9a79-277d-3c38-8fc1-be67848dda9f,FIVE TOWNS TOTAL MEDICAL CARE  P.C.,275 ROCKAWAY TPKE,LAWRENCE,NY,115591272,40.62271805,-73.73461236456782,5163712225,0.0,28
57ee6de4-8e09-3994-9696-63ef78b5a5a8,PERRY AVE FAMILY MEDICAL CENTER INC.,3071 PERRY AVE,BRONX,NY,104674111,40.8729449,-73.87926534638451,7182316700,0.0,37
e178d6bb-518a-3487-acef-8019207de6f5,LONG ISLAND JEWISH MEDICAL CENTER,900 FRANKLIN AVE,VALLEY STREAM,NY,115802145,40.6815493,-73.68645927443026,5162566000,0.0,269
d7bc780e-634c-3e79-8ffc-7f38d26032f6,BETH ABRAHAM CENTER FOR REHABILITATION AND NURSING,612 ALLERTON AVENUE,BRONX,NY,104677404,40.86529075,-73.87001125,7185194125,0.0,5
990277e5-13e8-3821-a139-f8a25b39ae6e,BRONX PARK URGENT MEDICAL CARE PC,2016 BRONXDALE AVE,BRONX,NY,104623365,40.850563199999996,-73.86554146374633,9146546543,0.0,7
cbceae16-de91-3e76-b055-7e4b66c29f31,CONCOURSE REHAB & NURSING CTR INC,1072 GRAND CONCOURSE,BRONX,NY,104563901,40.8316527,-73.9196131,7186814000,0.0,1
b95f0f8f-c3a5-3b0e-ac59-2bfd662498f7,LAWRENCE NURSING CARE CENTER  INC,350 BEACH 54TH STREET,ARVERNE,NY,116921782,40.59426515,-73.78397533951329,7189450400,0.0,3
c993c19c-85e1-3682-876a-b9997e82acd7,ODA PRIMARY CARE HEALTH CENTER,14-16 HEYWARD ST,BROOKLYN,NY,112497823,40.7019923,-73.9556523,7188520716,0.0,50
78180b62-4f6f-3d46-bc9e-14147d3f007d,SOUTH SHORE UNIVERSITY HOSPITAL,301 E MAIN ST,BAY SHORE,NY,117068408,40.726033150000006,-73.2417981111639,5168766000,0.0,14
a283f153-ff12-32fa-bcee-6295f3e3310a,URGENT MEDICAL CARE PC,1865 AMSTERDAM AVE,ROCKAWAY BEACH,NY,116931317,40.5845085,-73.81679,9148375669,0.0,1
abfb42b8-b8f8-3ed8-89f8-1bf0d4cd3417,BROOKHAVEN MEMORIAL HOSPITAL MEDICAL CENTER  INC,101 HOSPITAL RD,PATCHOGUE,NY,117724870,40.7802502,-72.97642105305104,6316547100,0.0,9
e3a574d4-2c92-3af7-9c9c-f8cf7f7a23b1,NEW YORK-PRESBYTERIAN/BROOKLYN METHODIST,506 6TH ST,BROOKLYN,NY,112153609,40.667825449999995,-73.97914371327701,7187803000,0.0,90
46350d23-f72a-356c-a0e2-3f7b6e01644c,SAKHO NP IN FAMILY HEALTH PLLC,11572 FRANCIS LEWIS BLVD,CAMBRIA HTS,NY,114111028,40.6967805,-73.7465727,7182768666,0.0,12
09283be4-f116-3ba5-ba65-a1cc07cb9819,PARKER JEWISH INSTITUTE FOR HEALTH CARE AND REHABILITATION,27111 76TH AVE,NEW HYDE PARK,NY,110401436,40.7352157,-73.6883239,7182892100,0.0,1
38a4401a-a9b0-3001-bb54-fef4ee5e1386,SANS SOUCI REHABILITATION AND NURSING CENTER,115 PARK AVENUE,YONKERS,NY,107032903,40.94397824611967,-73.89131254252051,9144239800,0.0,2
911df06b-ebab-31d1-8045-ee9154bdc0fa,ERIE COUNTY MEDICAL CENTER CORPORATION,462 GRIDER ST,WILLIAMSVILLE,NY,142215367,42.9637836,-78.7377258,7168985931,0.0,289
0c9b4423-f4ad-31cd-9a50-1c1a45e18304,NYU LANGONE HOSPITALS,259 1ST ST,MINEOLA,NY,115014293,40.7407791,-73.64256625040494,5165761820,0.0,23
c958be17-14d8-3fc0-995a-9b952974be91,WHITE PLAINS HOSPITAL MEDICAL CENTER,170 MAPLE AVE,WHITE PLAINS,NY,106052523,41.025080200000005,-73.7695823453843,9149481000,0.0,43
4e154441-6b56-369c-8001-c6aa0499a3af,NORTHEAST URGENT CARE MEDICAL ASSOCIATES PLLC,1030 W BOSTON POST RD,WHITE PLAINS,NY,106071465,41.0339862,-73.7629097,9147772273,0.0,4
9e0f2068-568b-3fff-8903-bea515c3218d,NORTH GATE HEALTH CARE FACILITY LLC,7264 NASH RD,NORTH TONAWANDA,NY,141201508,43.0748485,-78.86713341424085,7166947700,0.0,52
017bcd94-4c95-3ad7-abd7-12c938794109,FLUSHING HOSPITAL & MEDICAL CENTER,4500 PARSONS BLVD,FLUSHING,NY,113552205,40.755396700000006,-73.8165064961004,7186705000,0.0,80
b0ddc7e6-1c15-3b0e-97e8-2499ac544138,MARINA KUPERMAN FAMILY HEALTH NP PC,326 7TH ST,BROOKLYN,NY,112153311,40.6702376,-73.9852255,7187533207,0.0,35
7e58e89b-8e53-31be-baaa-b48005e4e6e6,PASTOR FAMILY MEDICINE OF WESTCHESTER  PLLC,2742 3RD AVE,BRONX,NY,104554036,40.81437123076923,-73.92065415384614,7187421500,0.0,68
ab9e4672-a6cd-31ff-871a-469e5d221d78,BIMC FACULTY PRACTICE,10 UNION SQ E,NEW YORK,NY,100033314,40.734864,-73.9897882,2128446852,0.0,155
b1ce47a8-a7f1-3382-8e64-871ff679ac50,BRUNSWICK PSYCH CENTER,81 LOUDEN AVE,AMITYVILLE,NY,117012736,40.68474875,-73.4205332407568,6317897225,0.0,199
c2274595-9b3c-3363-943b-1777a8f4effa,URGENTWAY MEDICINE PLLC,408 77TH ST,BROOKLYN,NY,112093243,40.629135469387755,-74.02542189795919,7185139196,0.0,1
545d589c-ac98-3eaf-8bc9-9980937ac97f,PENINSULA NURSING AND REHABILITATION CENTER,50 15 BEACH CHANNEL DRIVE,FAR ROCKAWAY,NY,116911110,40.6040336,-73.7558526,7187342000,0.0,5
c6206d5d-a64a-3482-87b0-aef82278e65e,HENDERSON HEALTH SERVICES FAMILY NURSE PRACTITIONER PLLC,75 S BROADWAY FL 4,WHITE PLAINS,NY,106032868,41.0339862,-73.7629097,1914200427,0.0,37
32317da9-137c-3fa8-8868-6fd788e44175,GREATER BINGHAMTON HEALTH CENTER,425 ROBINSON ST,BINGHAMTON,NY,139041735,42.107108600000004,-75.86371904924988,6077241391,0.0,8
fccef7c7-abe4-353e-8aa1-9823520064db,TERESIAN HOUSE NURSING HOME CO INC,200 WASHINGTON AVE EXT,ALBANY,NY,122035335,42.6511674,-73.754968,5184562000,0.0,11
46b7f274-fc19-345e-b049-34738e6c1ae7,Valley Stream Clinic,99 South Central Avenue,Valley Stream,NY,11580,40.664974,-73.70841,631-754-7978,0.0,601
ff4fbf8c-d8a0-3631-a06e-971db1e8ba7c,ALLERGY & ASTHMA FAMILY CARE OF QUEENS  P.C.,8814 198TH ST,HOLLIS,NY,114232119,40.7160324,-73.7623213,7184702345,0.0,20
d503ca3a-4000-3a9c-b21c-ed80a23da354,MOSHOLU PARKWAY NURSING & REHABILITATION CENTER,3356 PERRY AVENUE,BRONX,NY,104673204,40.87855165,-73.8742818661442,7186553568,0.0,5
f40c35a8-a665-391f-983e-06b6bb69c6d8,CARE FOR THE HOMELESS,89-111 PORTER AVENUE,BROOKLYN,NY,112371417,40.7229176,-73.9355528,7184172535,0.0,99
91349ceb-4ca9-3193-8f0e-cbc3c75f6cf8,FLUSHING FAMILY & MEDICAL PRACTICE PC,14420 29TH AVE,FLUSHING,NY,113541331,40.7717551,-73.8098843,7184601681,0.0,29
0e4b4c16-8ca9-3625-bd90-569ad915c9f1,APPLE MED URGENT CARE  PC,504 GRAMATAN AVE,MOUNT VERNON,NY,105523009,40.924540750000006,-73.8366873,9146681600,0.0,5
3b91f443-d992-3329-9fc2-8878cefb56d6,ADVANCED PRIMARY CARE ASSOCIATES LLP,265 POST AVE,WESTBURY,NY,115902234,40.7587123,-73.58833460354069,5165421180,0.0,27
2138ae04-c5ef-3cd1-a88c-9747de51a058,BAINBRIDGE NURSING & REHABILITATION CENTER,3518 BAINBRIDGE AVENUE,BRONX,NY,104671402,40.8816171,-73.8781358,7186551991,0.0,4
8c16256d-a4d7-3dc2-b52c-d2c969db4894,CABS HEALTH CENTER,94- 98 MANHATTAN AVENUE,BROOKLYN,NY,112062501,40.7326062,-73.9546561,7183880390,0.0,52
dc600fd8-ab8a-3b44-aeb0-d36fad382e69,ADULT HEALTHCARE NP PLLC,405 RXR PLZ,MALVERNE,NY,115651223,40.6789916,-73.6740191,(516) 478-9360,0.0,17
8fcb839d-ff32-38f4-9e5a-933f7b7f8fb6,NEW YORK-PRESBYTERIAN/BROOKLYN METHODIST,506 6TH ST,BROOKLYN,NY,112153609,40.667825449999995,-73.97914371327701,7187803000,0.0,56
c4897bf2-30e8-3a72-9463-03a63a99ec37,THE ROSALIND AND JOSEPH GURWIN JEWISH GERIATRIC CENTER OF LONG ISLAND,68 HAUPPAUGE RD,COMMACK,NY,117254403,40.82912985,-73.30061861249376,6317152600,0.0,2
d4be08e1-90c3-32ab-a3a6-f57a17605082,MEDFIRST URGENT CARE  PLLC,3890 SHERIDAN DR,TONAWANDA,NY,142231211,42.980771,-78.891005,7169292800,0.0,11
f1d25ca1-435b-3199-a646-200870d024c5,PROMPT URGENT CARE PLLC,155 BAY STREET,STATEN ISLAND,NY,103012508,40.637852,-74.075879,7189818880,0.0,1
5402fa9f-1fa9-3a72-9d24-4fef9438e44f,ALLMED URGENT CARE PC,11520 LIBERTY AVE,SOUTH RICHMOND HILL,NY,114191902,40.6881098,-73.8189761,6468249344,0.0,2
309ba164-0ac7-38e0-973a-bcda80a6f128,JAMES LYNCH FAMILY NURSE PRACTITIONER PLLC,1779 STATE ROUTE 21,SHORTSVILLE,NY,145489718,42.9559145,-77.2206913,5852899282,0.0,26
bcddec20-93e4-3cea-9f85-1c86fd3564e7,CHAMBERS FAMILY HEALTH NP PC,105 STEVENS AVE STE 408,MOUNT VERNON,NY,105502680,42.960633,-78.7876799,7187040907,0.0,79
f0b1ffc0-aea6-3ee6-ac66-4e228c060968,UNITED HEALTH SERVICES HOSPITALS INC,10-42 MITCHELL AVE,BINGHAMTON,NY,139031617,42.0866737,-75.91405458798388,6077700025,0.0,119
eee94158-96f1-3d2a-8f8b-afca382d5b7f,WALK IN MEDICAL URGENT CARE P C,236 S MAIN ST,NEW CITY,NY,109563318,41.1396036,-73.9901341,8457032273,0.0,1
ce6d79ed-6c4d-3ddd-aedb-c73f90d491b6,WARTBURG HOME CARE,1 WARTBURG PLACE  HAUSELT BUILDING  1ST FLOOR,MOUNT VERNON,NY,105523821,40.9195222,-73.8129933,9145135860,0.0,3
77df5561-1b34-3ee0-90e0-8589a2fa948e,COBBLE HILL HEALTH CENTER INC.,380 HENRY STREET,BROOKLYN,NY,112016048,40.68846895,-73.9977109514445,7188556789,0.0,1
b4fe26b2-6c81-30b8-af70-9d65d06b0152,NYACK HOSPITAL,160 NORTH MIDLAND AVENUE,NYACK,NY,109601912,41.095887399999995,-73.92608221715395,8453482000,0.0,4
b7d17c9a-cf54-3a06-a6e3-be3e3af8c87e,NORTH SHORE PRIMARY CARE MEDICAL ASSOCIATES PC,1000 NORTHERN BLVD,GREAT NECK,NY,110215341,40.78479455,-73.70850074197094,5166274433,0.0,25
77566afc-92f1-3c28-8385-63f1cdcf2317,AR NEW YORK MEDICAL CARE PLLC,2091 NOSTRAND AVE,BROOKLYN,NY,112266903,40.63456275,-73.9475946,9176179935,0.0,47
f1c8da9e-7030-34cc-ab40-124c5649af84,WESTERN NY CHILDRENS PSYCHIATRIC CENTER,1010 EAST & WEST ROAD,WEST SENECA,NY,142243602,42.8397395,-78.7453593,7166777000,0.0,85
868bd5da-e3e4-36cc-b680-98f234841d05,ADVANCED INTERNAL MEDICINE PC,935 NORTHERN BLVD STE 105,GREAT NECK,NY,110215309,40.78585195,-73.70642649861057,5164870070,0.0,40
d28b5254-fe99-3992-96af-1bf769ff10f4,CENTRALMED URGENT CARE AND PRIMARY CARE LLP,1662 CENTRAL AVE,COLONIE,NY,122054059,42.7214708,-73.8376812,5182401456,0.0,1
388b73d5-2c5b-3681-ab1e-06c454655181,SOUTH NASSAU COMMUNITIES HOSPITAL,1 HEALTHY WAY,VALLEY STREAM,NY,115805443,40.6631362,-73.7056955,5166323000,0.0,408
1bb4104c-d97b-331a-833f-e7294f43cc9d,ELLIS HOSPITAL,1101 NOTT ST,SCHENECTADY,NY,123082425,42.820213249999995,-73.91646093090648,5182434000,0.0,6
11dbfcf9-bccd-3a40-99bb-002317db65b3,URBAN HEALTH PLAN,1290 SPOFFORD AVE,BRONX,NY,104746511,40.8141191,-73.88693862629191,7185892440,0.0,41
02f018a0-497b-3bf8-8405-a0693ca7722e,ONE STOP MEDICAL CARE PC,13405 ROCKAWAY BLVD,SOUTH OZONE PARK,NY,114203020,40.6750846,-73.8095219,7183239700,0.0,64
5bd069bd-d1c6-332a-900a-997bbe8054a2,THE PINES AT POUGHKEEPSIE CTR FOR NURSING & REHAB,100 FRANKLIN STREET,POUGHKEEPSIE,NY,126014341,41.695211900000004,-73.92963099195458,8454544100,0.0,12
c9352cfe-8db2-363e-bcc0-8bccbdf989ae,FLUSHING HOSPITAL & MEDICAL CENTER,4500 PARSONS BLVD,FLUSHING,NY,113552205,40.755396700000006,-73.8165064961004,7186705000,0.0,13
c3920e80-2652-39e2-8d3e-07d6d5421094,UP TO DATE MEDICAL HEALTHCARE PLLC,2747 CRESCENT ST STE 104,ASTORIA,NY,111023142,40.7652383,-73.9266714,7182047550,0.0,17
35c525e7-da69-3478-9ea0-ccc24e4fb12f,HEALTHY POINT MEDICAL CARE PC,157 GREENPOINT AVE,BROOKLYN,NY,112222296,40.7304416,-73.95347781787981,7183491200,0.0,23
2e7326f0-23c0-3d59-a439-920f4a22f659,MOUNT SINAI HOSPITAL,1 GUSTAVE L LEVY PL,NEW YORK,NY,100296500,40.7127281,-74.0060152,2122562904,0.0,331
3d8beb46-5682-321e-8f51-a12b842e029d,YI ZHANG MEDICAL WELLNESS PLLC,3815 CORPORAL STONE ST FL 2,BAYSIDE,NY,113612140,40.7684351,-73.7770774,2054271290,0.0,22
46b527dd-dcc6-3b60-9629-fd9979ebadae,ST PETERS HOSPITAL OF THE CITY OF ALBANY,315 S MANNING BLVD,SLINGERLANDS,NY,121599222,42.6292455,-73.8645685,5185251550,0.0,8
420abfb9-5ba1-3dd7-8fdf-09dbe63f5445,Queens Vet Center,75-10B 91 Avenue,Woodhaven,NY,11421,40.685898,-73.86519,718-296-2871,0.0,164
8a73119a-9d5d-38f5-b126-b6ed5365e4aa,JERICHO ROAD MINISTRIES INC,21 DOAT STREET,BUFFALO,NY,142111612,42.9093194,-78.8190573,7168922775,0.0,63
581a8572-6b21-32e1-84bb-7d82fc6c047c,MORRIS HEIGHTS HEALTH CENTER  INC.,825 E 233RD ST,BRONX,NY,104663203,40.8923419,-73.8535295,7187164400,0.0,79
9b5b8218-060a-377f-a61c-4f36f0c57f51,ST CATHERINE OF SIENA MEDICAL CENTER,50 ROUTE 25A,SMITHTOWN,NY,117871348,40.8559314,-73.2006687,6318623000,0.0,21
4b7f3fda-19fa-33f2-b06b-8aa21479a369,NEW YORK CITY HEALTH AND HOSPITALS CORPORATION,1901 1ST AVE,NEW YORK,NY,100297404,40.785037149999994,-73.94497080931619,2124237722,0.0,558
99204b0a-62e2-34dc-b3f6-290819949428,WHITE PLAINS HOSPITAL MEDICAL CENTER,41 E POST RD,WHITE PLAINS,NY,106052523,41.025814,-73.76931900105475,9146810600,0.0,110
0a4109cb-cf42-3f22-9228-e04a62a31ac7,KINDRED AT HOME  (BALLSTON LAKE),320 USHERS ROAD,BALLSTON LAKE,NY,120191515,42.90303,-73.795752,5188991158,0.0,1
0e7608a4-d9d4-3897-a117-1e247e79bad6,ELMIRA MEDICAL URGENT CARE PLLC,360 W WATER ST,ELMIRA,NY,149052520,42.086824,-76.811991,6077313136,0.0,4
936ad33b-fe20-3f31-892a-568de8b354cb,ROCKLAND PSYCH CTR,140 OLD ORANGEBURG RD,ORANGEBURG,NY,109621100,41.0492948,-73.967688,8453591000,0.0,30
a5cfa60c-6763-327b-b56b-ebb682d8dcfa,TOWNHOUSE CENTER FOR REHABILITATION & NURSING,755 HEMPSTEAD TURNPIKE,UNIONDALE,NY,115531111,40.7095827,-73.592341,5165651900,0.0,1
e228669b-39c1-36fa-9923-53a2ab2db69e,PARK TERRACE CARE CENTER INC,59-20 VAN DOREN ST,REGO PARK,NY,113684018,40.72286495,-73.86210223976741,7185929200,0.0,1
07732db3-d4db-3a74-95f0-ae7e0b1b37af,COLER REHABILITATION AND NURSING CARE CENTER,900 MAIN ST,ROOSEVELT ISLAND,NY,100440066,40.7704141,-73.9423116,2128486000,0.0,13
dd2e5cf5-dcca-3622-8c7e-277825dfcee3,WINTHROP MEDICAL AFFILIATES URGENT CARE UNIVERSITY FACULTY PRACTICE C,222 STATION PLZ N,MINEOLA,NY,11501,40.7407541,-73.6410651,5166631111,0.0,1
f7f402e4-97af-36c9-bbcf-73c228219e30,PORT CHESTER OPERATING LLC,1000 HIGH ST,PORT CHESTER,NY,105734402,40.9932349,-73.677092598972,2017311700,0.0,1
72a25b78-723b-3393-a6d1-5a843b530af1,WHITE PLAINS HOSPITAL CENTER,41 EAST POST R0AD,WHITE PLAINS,NY,106014615,41.0339862,-73.7629097,9146810600,0.0,3
eb7657f8-cbae-3a20-8408-ed6d94ab3c60,SOUTH NASSAU COMMUNITIES HOSPITAL,1 HEALTHY WAY,OCEANSIDE,NY,115721551,40.6390936,-73.6399765,5166323000,0.0,27
c452dcb0-3f7d-3783-8c2b-d77c71f9140f,NIAGARA FALLS MEMORIAL MEDICAL CENTER,621 10TH ST,NORTH TONAWANDA,NY,141202840,43.0407742,-78.8660527,7162784000,0.0,193
e63b41e5-3498-3704-b8fc-2674a921d896,KALEIDA HEALTH,100 HIGH ST,WILLIAMSVILLE,NY,142213647,42.9637836,-78.7377258,7168591993,0.0,6
8ea11ed6-deec-3441-8f05-e2c869c3efb7,LONG ISLAND SELECT HEALTHCARE  INC,75 LANDING MEADOW RD,SMITHTOWN,NY,117871124,40.87366215,-73.20277708965651,6316502510,0.0,30
7378d0d7-e7f3-32fc-be27-81ca6eb6baa7,JOSEPH P. ADDABBO FAMILY HEALTH CENTER  INC.,120 RICHARDS STREET,BROOKLYN,NY,112311635,40.6778817,-74.0098317,7189457150,0.0,57
53d1ae11-25a9-39fe-b43c-7222dce2bae6,EPISCOPAL HEALTH SERVICES INC,327 BEACH 19TH ST,FAR ROCKAWAY,NY,116914423,40.598089333333334,-73.75304149494949,7188697641,0.0,78
9e48b593-a70c-3c91-9d65-70b50e28500a,THE INSTITUTE FOR FAMILY HEALTH,269 E 4TH ST,NEW YORK,NY,100097525,40.72293055,-73.98124914937074,2122065200,0.0,22
60c93801-aeb1-39dd-aeae-edea0770f286,ASTHMA & ALLERGY MEDICAL CARE PC,68 NASSAU RD,YONKERS,NY,107011308,40.974321566916295,-73.82755828259603,6314235590,0.0,25
92993898-eea3-3f80-8448-c8a06e6f9f4b,CARMEL MEDICAL CARE PC,91 GLENEIDA AVE,CARMEL,NY,105121244,41.4299506,-73.6799156,8452287000,0.0,37
fce19a36-3014-310c-a2c7-28a653acf269,NORTHERN MANOR GERIATRIC CENTER INC,199 N MIDDLETOWN ROAD,NANUET,NY,109541317,41.1116406,-74.0116563,8456233904,0.0,6
12345db0-272a-32b4-9be9-da06b5c763f1,CORNERSTONE FAMILY HEALTHCARE,35 FELTERS RD,BINGHAMTON,NY,139032600,42.0983149,-75.8752455,6072011200,0.0,54
ed175c27-ae6c-3a68-a47a-352ae87e8042,VASSAR BROTHERS MEDICAL CENTER,45 READE PL,POUGHKEEPSIE,NY,126014723,41.693605500000004,-73.93481691180614,8454548500,0.0,170
c04a796d-bc42-3364-891e-c1209f001537,NORTH SHORE - L I J ORZAC CTR FOR REHABILITATION,900 FRANKLIN AVENUE,VALLEY STREAM,NY,115802145,40.6815493,-73.68645927443026,5162566700,0.0,27
bcf65a0c-62c4-311e-bc0e-20a871c40649,THE INSTITUTE FOR FAMILY HEALTH,340 W 85TH ST,NEW YORK,NY,10024,40.7886334,-73.9799084200026,2122065200,0.0,34
016553fb-bad6-3826-8ab5-55b611a32c95,FEM GYN URGENT CARE WELLNESS PLLC,175-7TH AVENUE,BROOKLYN,NY,11215,40.6714745,-73.9775044,3479874414,0.0,4
fe2a957e-3901-37df-b590-302569d2116d,NEW GOUVERNEUR HOSPITAL S N F,227 MADISON STREET,NEW YORK,NY,100027537,40.713131649999994,-73.98782489048713,2124415023,0.0,2
cf644c0f-e65c-39e1-a6bb-ce916e641744,HEALING QUEST WELLNESS CENTER,1887 RICHMOND AVE,STATEN ISLAND,NY,103144528,40.60168625,-74.16261561532258,(718) 982-6496,0.0,49
ef3bb929-1972-3fac-82fe-90e333d50bdb,GOOD SAMARITAN HOSPITAL OF SUFFERN,255 LAFAYETTE AVENUE,WEST NYACK,NY,109942220,41.0962647,-73.9730879,8453685000,0.0,73
51ec4cee-87f8-31ec-9a46-5171c4e386c1,BROOKLYN PLAZA MEDICAL CENTER INC.,650 FULTON ST,BROOKLYN,NY,112171517,40.6867683,-73.97615655413557,7185969800,0.0,32
2114e3ca-9b31-38f5-9f0e-b4f87321c91b,UR MEDICINE HOSPICE,2180 EMPIRE BOULEVARD,WEBSTER,NY,145802029,43.200779999999995,-77.496486183764,5857878315,0.0,9
8e909882-5fc0-3f26-947f-491ac6bcedfa,UNIVERSITY HOSPITAL AT STONY BROOK,NICOLLS RD,STONY BROOK,NY,117948101,40.8830294,-73.1065346,6314444100,0.0,17
5e3d4525-b14a-3a2a-984c-98ddf80b4ed0,ELENA GINSBERG FAMILY HEALTH NP  PC,18 JEUNGST RD,CROTON FALLS,NY,10519,41.3480995,-73.6621875,2035610675,0.0,5
8d4583ae-9794-385e-9857-8c5e02cd9c26,NORTHWELL HEALTH STERN FAMILY CENTER FOR REHABILITATION,330 COMMUNITY DR,MANHASSET,NY,110303816,40.77579341697758,-73.70297372623652,5165628000,0.0,2
fab7e0dc-2756-3877-9678-ab73b699c5e9,THE RIVERSIDE,150 RIVERSIDE DRIVE,NEW YORK,NY,100242298,40.790649450000004,-73.97936825614302,6465053500,0.0,2
f1cb6e9f-e21e-32f4-b55d-40cb2bf9b573,ST JOSEPHS HOSPITAL HEALTH CENTER,301 PROSPECT AVE,SYRACUSE,NY,132043201,43.0557698,-76.14937188108505,3154485880,0.0,61
3dc069de-2bcd-39ef-bc62-b0a198c7c0fc,PINE VALLEY CENTER LLC,661 N MAIN ST,SPRING VALLEY,NY,109772319,41.1368985,-74.0398824,8454265600,0.0,2
a455798c-97e5-3c40-a9fb-07ed9bde9f47,WOUND MEDICAL CARE OF WNY PLLC,229 SUMMIT ST,WILLIAMSVILLE,NY,142212639,42.9637836,-78.7377258,5853444440,0.0,76
